{"document_439": 5, "document_363": 4, "document_405": 17, "document_1398": 10, "document_411": 9, "document_377": 12, "document_1415": 4, "document_1373": 4, "document_1367": 5, "document_388": 6, "document_1401": 5, "document_1429": 25, "document_149": 1, "document_3": 6, "document_607": 10, "document_161": 8, "document_175": 9, "document_613": 3, "document_820": 6, "document_1171": 13, "document_1617": 3, "document_1603": 9, "document_834": 4, "document_1165": 4, "document_808": 7, "document_1159": 23, "document_997": 5, "document_983": 6, "document_773": 2, "document_1788": 11, "document_767": 7, "document_1005": 6, "document_954": 1, "document_1763": 3, "document_1777": 22, "document_798": 9, "document_1011": 4, "document_940": 2, "document_1039": 22, "document_968": 6, "document_99": 1, "document_559": 27, "document_217": 1, "document_571": 11, "document_565": 15, "document_203": 10, "document_1561": 7, "document_1207": 9, "document_1213": 11, "document_1575": 7, "document_72": 28, "document_66": 8, "document_1549": 1, "document_67": 4, "document_1548": 10, "document_73": 15, "document_1212": 17, "document_1574": 2, "document_1560": 7, "document_1206": 1, "document_564": 13, "document_202": 6, "document_216": 2, "document_570": 12, "document_558": 10, "document_98": 12, "document_969": 9, "document_1038": 1, "document_1776": 11, "document_941": 6, "document_799": 12, "document_1010": 6, "document_955": 8, "document_1004": 3, "document_1762": 6, "document_1789": 15, "document_766": 35, "document_772": 14, "document_982": 5, "document_996": 2, "document_1158": 2, "document_809": 12, "document_1602": 9, "document_1164": 26, "document_835": 5, "document_1170": 3, "document_821": 7, "document_1616": 4, "document_174": 23, "document_612": 5, "document_606": 7, "document_2": 12, "document_160": 4, "document_148": 7, "document_1428": 9, "document_1366": 5, "document_389": 5, "document_1400": 8, "document_1414": 3, "document_1372": 5, "document_1399": 7, "document_410": 8, "document_376": 6, "document_362": 7, "document_404": 12, "document_438": 3, "document_348": 5, "document_374": 10, "document_412": 24, "document_406": 12, "document_360": 9, "document_1402": 5, "document_1364": 9, "document_1370": 5, "document_1416": 5, "document_1358": 2, "document_638": 8, "document_1199": 2, "document_610": 3, "document_176": 4, "document_162": 2, "document_0": 4, "document_604": 1, "document_837": 10, "document_1166": 2, "document_189": 6, "document_1600": 4, "document_1614": 2, "document_823": 16, "document_1172": 4, "document_1628": 8, "document_980": 4, "document_758": 25, "document_994": 1, "document_764": 14, "document_770": 8, "document_1012": 14, "document_943": 3, "document_1774": 7, "document_1760": 5, "document_1006": 4, "document_957": 8, "document_1748": 9, "document_228": 7, "document_1589": 6, "document_200": 8, "document_566": 14, "document_572": 9, "document_214": 0, "document_1576": 4, "document_59": 7, "document_599": 2, "document_1210": 9, "document_1204": 2, "document_1562": 4, "document_65": 8, "document_71": 19, "document_1238": 2, "document_1239": 6, "document_70": 8, "document_64": 3, "document_1205": 2, "document_1563": 11, "document_1577": 5, "document_598": 3, "document_1211": 10, "document_58": 11, "document_573": 19, "document_215": 3, "document_1588": 8, "document_201": 4, "document_567": 9, "document_229": 7, "document_1749": 7, "document_1761": 5, "document_956": 9, "document_1007": 4, "document_942": 3, "document_1013": 5, "document_1775": 12, "document_771": 4, "document_765": 4, "document_995": 11, "document_759": 8, "document_981": 7, "document_1629": 6, "document_1615": 3, "document_1173": 4, "document_822": 6, "document_1167": 3, "document_836": 5, "document_188": 4, "document_1601": 6, "document_163": 5, "document_605": 1, "document_1": 11, "document_1198": 2, "document_611": 2, "document_177": 3, "document_639": 18, "document_1359": 2, "document_1371": 2, "document_1417": 1, "document_1403": 3, "document_1365": 18, "document_407": 18, "document_361": 11, "document_375": 8, "document_413": 11, "document_349": 3, "document_417": 3, "document_371": 8, "document_365": 5, "document_403": 8, "document_359": 5, "document_1349": 4, "document_1361": 32, "document_1407": 4, "document_1413": 2, "document_1375": 5, "document_173": 12, "document_615": 2, "document_1188": 1, "document_601": 1, "document_5": 3, "document_167": 8, "document_629": 13, "document_1639": 3, "document_1605": 4, "document_832": 8, "document_1163": 12, "document_826": 2, "document_1177": 5, "document_198": 3, "document_1611": 0, "document_761": 27, "document_775": 28, "document_985": 8, "document_991": 3, "document_749": 11, "document_1759": 4, "document_1771": 19, "document_1017": 8, "document_946": 3, "document_1003": 5, "document_952": 11, "document_1765": 6, "document_563": 16, "document_205": 3, "document_1598": 7, "document_211": 5, "document_577": 14, "document_239": 3, "document_1229": 8, "document_60": 4, "document_74": 5, "document_1215": 8, "document_1573": 1, "document_1567": 15, "document_588": 6, "document_1201": 2, "document_48": 7, "document_1566": 7, "document_49": 5, "document_589": 9, "document_1200": 2, "document_1214": 8, "document_1572": 18, "document_75": 3, "document_61": 6, "document_1228": 12, "document_238": 16, "document_1599": 7, "document_210": 6, "document_576": 28, "document_562": 13, "document_204": 4, "document_953": 4, "document_1002": 19, "document_1764": 4, "document_1770": 3, "document_947": 17, "document_1016": 7, "document_1758": 5, "document_748": 11, "document_990": 10, "document_984": 4, "document_774": 4, "document_760": 4, "document_1176": 19, "document_827": 2, "document_199": 4, "document_1610": 0, "document_1604": 7, "document_1162": 2, "document_833": 5, "document_1638": 5, "document_628": 10, "document_4": 2, "document_1189": 2, "document_600": 6, "document_166": 4, "document_172": 6, "document_614": 10, "document_1412": 8, "document_1374": 5, "document_1360": 7, "document_1406": 4, "document_1348": 6, "document_358": 10, "document_364": 5, "document_402": 12, "document_416": 12, "document_370": 4, "document_1389": 9, "document_400": 6, "document_366": 4, "document_372": 10, "document_414": 11, "document_428": 2, "document_1438": 6, "document_1376": 10, "document_399": 3, "document_1410": 7, "document_1404": 5, "document_1362": 5, "document_164": 3, "document_602": 3, "document_6": 5, "document_616": 7, "document_170": 11, "document_1809": 2, "document_158": 2, "document_819": 8, "document_1148": 5, "document_1612": 0, "document_825": 8, "document_1174": 7, "document_831": 8, "document_1160": 18, "document_1606": 7, "document_1799": 12, "document_776": 3, "document_762": 5, "document_992": 2, "document_986": 9, "document_1028": 4, "document_979": 0, "document_1766": 6, "document_789": 4, "document_1000": 6, "document_951": 6, "document_1014": 3, "document_945": 8, "document_1772": 11, "document_574": 7, "document_212": 5, "document_206": 5, "document_560": 12, "document_548": 7, "document_88": 7, "document_77": 4, "document_1558": 5, "document_63": 4, "document_1202": 2, "document_1564": 9, "document_1570": 25, "document_1216": 10, "document_1571": 18, "document_1217": 5, "document_1203": 2, "document_1565": 11, "document_62": 18, "document_76": 3, "document_1559": 4, "document_89": 11, "document_549": 8, "document_207": 4, "document_561": 13, "document_575": 9, "document_213": 12, "document_944": 18, "document_1015": 11, "document_1773": 15, "document_1767": 8, "document_950": 6, "document_788": 5, "document_1001": 4, "document_978": 2, "document_1029": 7, "document_987": 6, "document_993": 3, "document_763": 10, "document_1798": 6, "document_777": 3, "document_1161": 19, "document_830": 21, "document_1607": 4, "document_1613": 3, "document_1175": 26, "document_824": 8, "document_1149": 7, "document_818": 5, "document_159": 3, "document_1808": 2, "document_617": 8, "document_171": 18, "document_165": 5, "document_7": 6, "document_603": 8, "document_1405": 3, "document_1363": 5, "document_1377": 12, "document_398": 5, "document_1411": 9, "document_1439": 5, "document_429": 3, "document_373": 7, "document_415": 12, "document_1388": 9, "document_401": 4, "document_367": 2, "document_328": 4, "document_466": 2, "document_1489": 6, "document_300": 5, "document_314": 1, "document_472": 5, "document_499": 22, "document_1310": 2, "document_1476": 2, "document_1462": 8, "document_1304": 1, "document_1338": 5, "document_658": 6, "document_880": 7, "document_894": 19, "document_102": 3, "document_664": 8, "document_670": 2, "document_116": 9, "document_1674": 17, "document_843": 5, "document_1112": 15, "document_857": 23, "document_1106": 15, "document_1660": 2, "document_1648": 7, "document_738": 2, "document_1099": 5, "document_710": 2, "document_704": 8, "document_1700": 6, "document_1066": 15, "document_937": 4, "document_1072": 6, "document_923": 16, "document_1714": 6, "document_1728": 10, "document_248": 8, "document_512": 7, "document_274": 4, "document_260": 0, "document_506": 12, "document_1264": 9, "document_1502": 5, "document_1516": 6, "document_39": 13, "document_1270": 7, "document_11": 10, "document_1258": 7, "document_1259": 6, "document_10": 12, "document_1517": 3, "document_1271": 6, "document_38": 5, "document_1265": 7, "document_1503": 8, "document_261": 7, "document_507": 9, "document_513": 27, "document_275": 2, "document_249": 5, "document_1729": 7, "document_922": 6, "document_1073": 4, "document_1715": 6, "document_1701": 6, "document_936": 12, "document_1067": 14, "document_705": 3, "document_1098": 14, "document_711": 3, "document_739": 2, "document_1649": 4, "document_1107": 2, "document_856": 26, "document_1661": 1, "document_1675": 19, "document_1113": 3, "document_842": 8, "document_671": 2, "document_117": 7, "document_103": 3, "document_665": 13, "document_895": 11, "document_881": 10, "document_659": 2, "document_1339": 12, "document_1463": 7, "document_1305": 14, "document_498": 18, "document_1311": 2, "document_1477": 3, "document_315": 7, "document_473": 5, "document_467": 3, "document_1488": 4, "document_301": 3, "document_329": 6, "document_459": 2, "document_471": 9, "document_317": 4, "document_303": 3, "document_465": 6, "document_1307": 1, "document_1461": 2, "document_1475": 3, "document_1313": 9, "document_1449": 2, "document_129": 7, "document_897": 11, "document_883": 3, "document_115": 1, "document_673": 2, "document_667": 2, "document_1688": 3, "document_101": 1, "document_1663": 31, "document_854": 7, "document_1105": 6, "document_840": 13, "document_698": 10, "document_1111": 7, "document_1677": 11, "document_868": 2, "document_1139": 10, "document_707": 2, "document_713": 7, "document_1717": 4, "document_1071": 2, "document_920": 2, "document_1065": 10, "document_934": 2, "document_1703": 11, "document_1059": 11, "document_908": 4, "document_539": 8, "document_505": 16, "document_263": 3, "document_277": 2, "document_1298": 6, "document_511": 14, "document_1273": 4, "document_1515": 3, "document_288": 6, "document_1501": 4, "document_1267": 4, "document_1529": 3, "document_12": 5, "document_13": 19, "document_1528": 1, "document_289": 4, "document_1500": 5, "document_1266": 4, "document_1272": 2, "document_1514": 6, "document_276": 8, "document_1299": 4, "document_510": 9, "document_504": 20, "document_262": 1, "document_538": 6, "document_909": 3, "document_1058": 9, "document_935": 1, "document_1064": 8, "document_1702": 9, "document_1716": 7, "document_921": 2, "document_1070": 14, "document_712": 27, "document_706": 5, "document_1138": 5, "document_869": 10, "document_699": 4, "document_1110": 4, "document_841": 2, "document_1676": 7, "document_1662": 3, "document_1104": 4, "document_855": 12, "document_666": 7, "document_1689": 9, "document_100": 1, "document_114": 7, "document_672": 2, "document_882": 5, "document_128": 5, "document_896": 2, "document_1448": 2, "document_1474": 11, "document_1312": 2, "document_1306": 11, "document_1460": 11, "document_302": 6, "document_464": 5, "document_470": 5, "document_316": 5, "document_458": 4, "document_312": 1, "document_474": 4, "document_460": 4, "document_306": 17, "document_448": 4, "document_1458": 3, "document_1464": 7, "document_1302": 8, "document_1316": 3, "document_1470": 2, "document_676": 1, "document_1699": 13, "document_110": 6, "document_104": 14, "document_662": 2, "document_892": 6, "document_138": 10, "document_886": 5, "document_879": 4, "document_1128": 5, "document_851": 4, "document_689": 6, "document_1100": 3, "document_1666": 7, "document_1672": 17, "document_845": 11, "document_1114": 9, "document_702": 3, "document_716": 8, "document_1048": 4, "document_919": 5, "document_1074": 2, "document_925": 2, "document_1712": 5, "document_1706": 8, "document_1060": 9, "document_931": 2, "document_266": 5, "document_1289": 7, "document_500": 9, "document_514": 1, "document_272": 8, "document_528": 10, "document_17": 4, "document_1538": 2, "document_299": 13, "document_1510": 3, "document_1276": 3, "document_1262": 8, "document_1504": 7, "document_1263": 11, "document_1505": 11, "document_298": 7, "document_1511": 8, "document_1277": 6, "document_16": 5, "document_1539": 3, "document_529": 10, "document_515": 6, "document_273": 1, "document_267": 11, "document_1288": 5, "document_501": 12, "document_1707": 6, "document_930": 2, "document_1061": 9, "document_924": 7, "document_1075": 9, "document_1713": 4, "document_918": 0, "document_1049": 5, "document_717": 12, "document_703": 1, "document_1673": 21, "document_1115": 6, "document_844": 4, "document_688": 5, "document_1101": 0, "document_850": 1, "document_1667": 20, "document_1129": 2, "document_878": 11, "document_139": 2, "document_887": 5, "document_893": 8, "document_105": 4, "document_663": 7, "document_677": 9, "document_1698": 8, "document_111": 8, "document_1317": 6, "document_1471": 3, "document_1465": 4, "document_1303": 13, "document_1459": 6, "document_449": 2, "document_461": 4, "document_307": 9, "document_313": 1, "document_475": 5, "document_305": 8, "document_463": 11, "document_477": 3, "document_1498": 2, "document_311": 1, "document_339": 5, "document_1329": 8, "document_1473": 4, "document_1315": 4, "document_488": 3, "document_1301": 6, "document_1467": 8, "document_661": 7, "document_107": 6, "document_113": 4, "document_675": 1, "document_885": 3, "document_649": 2, "document_891": 1, "document_1659": 6, "document_846": 3, "document_1117": 4, "document_1671": 21, "document_1665": 8, "document_852": 4, "document_1103": 4, "document_715": 12, "document_1088": 4, "document_701": 0, "document_729": 2, "document_1739": 2, "document_1063": 10, "document_932": 2, "document_1705": 9, "document_1711": 8, "document_1077": 2, "document_926": 2, "document_271": 5, "document_517": 7, "document_503": 12, "document_265": 6, "document_259": 7, "document_14": 11, "document_1249": 2, "document_1507": 2, "document_1261": 7, "document_28": 5, "document_1275": 4, "document_1513": 5, "document_1274": 2, "document_1512": 9, "document_1506": 1, "document_29": 3, "document_1260": 5, "document_1248": 3, "document_15": 3, "document_258": 3, "document_502": 10, "document_264": 14, "document_270": 8, "document_516": 5, "document_1710": 6, "document_927": 2, "document_1076": 2, "document_933": 1, "document_1062": 14, "document_1704": 10, "document_1738": 5, "document_728": 3, "document_1089": 3, "document_700": 1, "document_714": 4, "document_1664": 30, "document_1102": 3, "document_853": 6, "document_1116": 2, "document_847": 9, "document_1670": 16, "document_1658": 3, "document_890": 5, "document_648": 2, "document_884": 3, "document_112": 6, "document_674": 3, "document_660": 4, "document_106": 4, "document_489": 2, "document_1300": 7, "document_1466": 2, "document_1472": 3, "document_1314": 26, "document_1328": 8, "document_338": 7, "document_476": 8, "document_1499": 1, "document_310": 17, "document_304": 7, "document_462": 5, "document_1494": 6, "document_1480": 2, "document_309": 6, "document_447": 0, "document_321": 1, "document_335": 8, "document_453": 5, "document_1331": 11, "document_1457": 6, "document_1443": 4, "document_1325": 10, "document_484": 12, "document_490": 2, "document_1319": 3, "document_1696": 5, "document_679": 10, "document_1682": 21, "document_123": 3, "document_645": 1, "document_651": 2, "document_889": 2, "document_137": 6, "document_1655": 6, "document_862": 14, "document_1133": 1, "document_876": 3, "document_1127": 6, "document_1641": 7, "document_1669": 20, "document_686": 3, "document_692": 3, "document_1084": 2, "document_1090": 8, "document_719": 2, "document_731": 3, "document_725": 3, "document_1721": 5, "document_1047": 15, "document_916": 8, "document_1053": 21, "document_902": 1, "document_1735": 6, "document_1709": 4, "document_1286": 6, "document_269": 6, "document_1292": 2, "document_533": 7, "document_255": 7, "document_241": 0, "document_527": 11, "document_1245": 2, "document_1523": 3, "document_1537": 2, "document_18": 13, "document_1251": 2, "document_30": 4, "document_1279": 11, "document_296": 8, "document_282": 2, "document_24": 1, "document_283": 3, "document_25": 1, "document_1278": 15, "document_31": 1, "document_297": 13, "document_1536": 5, "document_1250": 3, "document_19": 2, "document_1244": 2, "document_1522": 6, "document_240": 0, "document_526": 6, "document_532": 7, "document_254": 1, "document_1293": 12, "document_1287": 5, "document_268": 6, "document_1708": 7, "document_903": 14, "document_1052": 15, "document_1734": 10, "document_1720": 9, "document_917": 6, "document_1046": 7, "document_724": 3, "document_730": 4, "document_1091": 2, "document_718": 12, "document_1085": 5, "document_693": 7, "document_1668": 32, "document_687": 4, "document_1126": 2, "document_877": 8, "document_1640": 6, "document_1654": 6, "document_1132": 2, "document_863": 14, "document_888": 5, "document_650": 2, "document_136": 8, "document_122": 10, "document_644": 16, "document_1683": 24, "document_1697": 2, "document_678": 12, "document_491": 2, "document_1318": 4, "document_485": 6, "document_1442": 4, "document_1324": 4, "document_1330": 16, "document_1456": 1, "document_334": 2, "document_452": 3, "document_446": 6, "document_320": 3, "document_1481": 6, "document_308": 5, "document_1495": 5, "document_1483": 11, "document_1497": 5, "document_478": 7, "document_450": 5, "document_336": 6, "document_322": 8, "document_444": 9, "document_1326": 20, "document_1440": 7, "document_1454": 8, "document_1332": 10, "document_493": 2, "document_1468": 5, "document_487": 5, "document_1681": 15, "document_108": 15, "document_1695": 1, "document_134": 4, "document_652": 4, "document_646": 3, "document_120": 4, "document_1642": 1, "document_875": 8, "document_1124": 2, "document_861": 9, "document_1130": 2, "document_1656": 4, "document_849": 2, "document_691": 23, "document_1118": 5, "document_685": 4, "document_1093": 2, "document_1087": 4, "document_726": 2, "document_732": 13, "document_1736": 12, "document_1050": 5, "document_901": 19, "document_1044": 5, "document_915": 3, "document_1722": 5, "document_1078": 2, "document_929": 2, "document_1291": 3, "document_518": 11, "document_1285": 6, "document_524": 5, "document_242": 0, "document_256": 4, "document_530": 4, "document_1252": 8, "document_1534": 8, "document_1520": 3, "document_1246": 4, "document_27": 4, "document_281": 5, "document_1508": 2, "document_295": 9, "document_33": 2, "document_294": 7, "document_32": 7, "document_26": 5, "document_280": 5, "document_1509": 2, "document_1521": 4, "document_1247": 2, "document_1253": 7, "document_1535": 5, "document_257": 2, "document_531": 10, "document_525": 11, "document_243": 0, "document_1284": 8, "document_1290": 7, "document_519": 11, "document_928": 2, "document_1079": 7, "document_914": 5, "document_1045": 8, "document_1723": 7, "document_1737": 4, "document_900": 12, "document_1051": 9, "document_733": 10, "document_727": 5, "document_1086": 2, "document_1092": 0, "document_684": 2, "document_690": 10, "document_1119": 3, "document_848": 5, "document_1131": 9, "document_860": 7, "document_1657": 5, "document_1643": 2, "document_1125": 4, "document_874": 9, "document_647": 2, "document_121": 9, "document_135": 5, "document_653": 8, "document_1694": 2, "document_1680": 3, "document_109": 9, "document_1469": 7, "document_486": 14, "document_492": 2, "document_1455": 3, "document_1333": 11, "document_1327": 10, "document_1441": 5, "document_323": 6, "document_445": 0, "document_451": 0, "document_337": 4, "document_1496": 2, "document_479": 8, "document_1482": 1, "document_333": 4, "document_455": 2, "document_441": 3, "document_327": 16, "document_1486": 1, "document_469": 6, "document_1492": 4, "document_1479": 4, "document_496": 2, "document_482": 6, "document_1445": 2, "document_1323": 8, "document_1337": 2, "document_1451": 5, "document_657": 3, "document_131": 0, "document_125": 2, "document_643": 9, "document_1684": 2, "document_1690": 14, "document_119": 9, "document_694": 6, "document_858": 26, "document_680": 8, "document_1109": 5, "document_870": 2, "document_1121": 9, "document_1647": 7, "document_1653": 13, "document_864": 3, "document_1135": 6, "document_723": 8, "document_737": 3, "document_1096": 6, "document_1082": 4, "document_1069": 6, "document_938": 11, "document_1055": 9, "document_904": 5, "document_1733": 9, "document_1727": 11, "document_1041": 9, "document_910": 10, "document_247": 15, "document_521": 10, "document_535": 24, "document_253": 2, "document_1294": 12, "document_1280": 10, "document_509": 13, "document_284": 3, "document_22": 10, "document_36": 5, "document_290": 3, "document_1519": 7, "document_1531": 5, "document_1257": 8, "document_1243": 4, "document_1525": 10, "document_1242": 1, "document_1524": 9, "document_1530": 1, "document_1256": 7, "document_37": 9, "document_291": 5, "document_1518": 3, "document_285": 4, "document_23": 1, "document_1281": 6, "document_508": 9, "document_1295": 13, "document_534": 7, "document_252": 14, "document_246": 16, "document_520": 11, "document_1726": 1, "document_911": 4, "document_1040": 14, "document_905": 4, "document_1054": 17, "document_1732": 2, "document_939": 3, "document_1068": 11, "document_1083": 3, "document_1097": 3, "document_736": 10, "document_722": 3, "document_1652": 7, "document_1134": 5, "document_865": 0, "document_1120": 6, "document_871": 10, "document_1646": 5, "document_681": 13, "document_1108": 4, "document_859": 8, "document_695": 6, "document_1691": 7, "document_118": 4, "document_1685": 2, "document_124": 5, "document_642": 14, "document_656": 10, "document_130": 23, "document_1336": 5, "document_1450": 2, "document_1444": 2, "document_1322": 5, "document_483": 9, "document_1478": 4, "document_497": 0, "document_1493": 5, "document_1487": 7, "document_468": 3, "document_440": 2, "document_326": 1, "document_332": 5, "document_454": 5, "document_324": 8, "document_442": 2, "document_456": 15, "document_330": 4, "document_1491": 4, "document_318": 4, "document_1485": 8, "document_481": 21, "document_1308": 2, "document_495": 2, "document_1452": 3, "document_1334": 5, "document_1320": 7, "document_1446": 2, "document_640": 12, "document_898": 5, "document_126": 4, "document_132": 7, "document_654": 4, "document_1693": 6, "document_1687": 1, "document_668": 2, "document_683": 10, "document_1678": 25, "document_697": 8, "document_867": 3, "document_1136": 12, "document_1650": 5, "document_1644": 2, "document_873": 5, "document_1122": 41, "document_734": 2, "document_720": 9, "document_1081": 2, "document_708": 3, "document_1095": 4, "document_1718": 2, "document_1042": 7, "document_913": 4, "document_1724": 9, "document_1730": 4, "document_1056": 20, "document_907": 2, "document_250": 21, "document_536": 4, "document_522": 10, "document_244": 4, "document_1283": 8, "document_1297": 6, "document_278": 3, "document_293": 6, "document_35": 3, "document_1268": 5, "document_21": 6, "document_287": 5, "document_1526": 4, "document_1240": 2, "document_1254": 3, "document_1532": 5, "document_1255": 10, "document_1533": 1, "document_1527": 8, "document_1241": 2, "document_20": 6, "document_1269": 14, "document_286": 13, "document_292": 5, "document_34": 2, "document_1296": 8, "document_279": 3, "document_1282": 5, "document_523": 10, "document_245": 2, "document_251": 9, "document_537": 8, "document_1731": 6, "document_906": 3, "document_1057": 9, "document_912": 1, "document_1043": 13, "document_1725": 1, "document_1719": 3, "document_1094": 2, "document_1080": 4, "document_709": 2, "document_721": 1, "document_735": 9, "document_1645": 5, "document_1123": 2, "document_872": 1, "document_1137": 3, "document_866": 0, "document_1651": 7, "document_1679": 4, "document_696": 8, "document_682": 4, "document_1686": 3, "document_669": 2, "document_1692": 16, "document_133": 4, "document_655": 4, "document_899": 12, "document_641": 17, "document_127": 12, "document_1321": 6, "document_1447": 2, "document_1453": 5, "document_1335": 4, "document_494": 2, "document_480": 7, "document_1309": 2, "document_1484": 0, "document_1490": 7, "document_319": 3, "document_457": 7, "document_331": 6, "document_325": 13, "document_443": 2, "document_1391": 16, "document_418": 1, "document_1385": 25, "document_342": 10, "document_424": 3, "document_430": 3, "document_356": 4, "document_1434": 23, "document_1352": 8, "document_1346": 4, "document_1420": 5, "document_381": 2, "document_1408": 5, "document_395": 9, "document_1193": 4, "document_168": 5, "document_1187": 1, "document_626": 11, "document_140": 6, "document_1805": 4, "document_154": 8, "document_632": 7, "document_801": 8, "document_1150": 4, "document_1636": 8, "document_1622": 7, "document_815": 5, "document_1144": 4, "document_183": 3, "document_197": 2, "document_829": 4, "document_1178": 10, "document_1781": 17, "document_1795": 8, "document_752": 4, "document_746": 32, "document_1024": 8, "document_975": 3, "document_1742": 5, "document_1756": 2, "document_1030": 4, "document_961": 16, "document_791": 8, "document_1018": 3, "document_949": 17, "document_785": 14, "document_1583": 5, "document_578": 20, "document_1597": 4, "document_236": 16, "document_90": 5, "document_550": 8, "document_84": 2, "document_544": 5, "document_222": 8, "document_1540": 6, "document_1226": 7, "document_1232": 5, "document_1554": 12, "document_53": 16, "document_593": 14, "document_47": 3, "document_587": 2, "document_1568": 11, "document_586": 0, "document_46": 4, "document_1569": 5, "document_592": 4, "document_52": 7, "document_1233": 3, "document_1555": 15, "document_1541": 2, "document_1227": 5, "document_545": 6, "document_85": 10, "document_223": 13, "document_237": 26, "document_551": 9, "document_91": 6, "document_579": 14, "document_1596": 6, "document_1582": 5, "document_784": 13, "document_948": 8, "document_790": 6, "document_1019": 6, "document_1757": 6, "document_960": 30, "document_1031": 5, "document_974": 4, "document_1025": 13, "document_1743": 4, "document_747": 4, "document_753": 2, "document_1794": 9, "document_1780": 18, "document_196": 2, "document_1179": 6, "document_828": 9, "document_182": 6, "document_1623": 8, "document_1145": 5, "document_814": 7, "document_1151": 5, "document_800": 8, "document_1637": 6, "document_155": 6, "document_1804": 19, "document_633": 16, "document_627": 1, "document_141": 7, "document_1810": 2, "document_169": 8, "document_1186": 19, "document_1192": 14, "document_394": 12, "document_380": 2, "document_1409": 4, "document_1347": 2, "document_1421": 12, "document_1435": 9, "document_1353": 10, "document_431": 3, "document_357": 5, "document_343": 3, "document_425": 6, "document_1384": 19, "document_1390": 7, "document_419": 2, "document_369": 2, "document_1386": 33, "document_1392": 9, "document_355": 7, "document_433": 7, "document_427": 15, "document_341": 5, "document_1423": 18, "document_1345": 3, "document_1351": 8, "document_1437": 10, "document_396": 6, "document_1379": 7, "document_382": 2, "document_9": 3, "document_1184": 20, "document_1190": 1, "document_619": 3, "document_631": 13, "document_1806": 1, "document_157": 6, "document_143": 7, "document_625": 1, "document_816": 5, "document_1147": 5, "document_1621": 17, "document_1635": 5, "document_802": 9, "document_1153": 9, "document_194": 3, "document_180": 2, "document_1609": 2, "document_779": 3, "document_1796": 8, "document_1782": 3, "document_745": 18, "document_989": 6, "document_751": 2, "document_1033": 6, "document_962": 7, "document_1755": 1, "document_1741": 8, "document_1027": 7, "document_976": 4, "document_786": 14, "document_1769": 5, "document_792": 6, "document_1594": 3, "document_1580": 6, "document_209": 4, "document_221": 6, "document_87": 12, "document_547": 3, "document_93": 10, "document_553": 8, "document_235": 4, "document_1557": 5, "document_78": 0, "document_1231": 8, "document_1225": 7, "document_1543": 6, "document_44": 4, "document_584": 3, "document_50": 15, "document_590": 5, "document_1219": 4, "document_591": 7, "document_1218": 6, "document_51": 10, "document_585": 3, "document_45": 5, "document_1224": 9, "document_1542": 4, "document_1556": 0, "document_1230": 8, "document_79": 6, "document_552": 9, "document_92": 12, "document_234": 23, "document_220": 6, "document_546": 4, "document_86": 10, "document_1581": 4, "document_208": 4, "document_1595": 1, "document_793": 3, "document_787": 13, "document_1768": 2, "document_1740": 6, "document_977": 6, "document_1026": 5, "document_963": 5, "document_1032": 3, "document_1754": 1, "document_750": 4, "document_988": 7, "document_744": 6, "document_1783": 3, "document_778": 3, "document_1797": 5, "document_181": 3, "document_1608": 3, "document_195": 6, "document_1634": 4, "document_1152": 8, "document_803": 10, "document_1146": 7, "document_817": 6, "document_1620": 0, "document_142": 17, "document_624": 3, "document_630": 11, "document_156": 8, "document_1807": 2, "document_1191": 1, "document_618": 16, "document_1185": 42, "document_8": 8, "document_383": 4, "document_397": 5, "document_1378": 8, "document_1350": 6, "document_1436": 8, "document_1422": 4, "document_1344": 8, "document_426": 7, "document_340": 8, "document_354": 0, "document_432": 9, "document_1393": 0, "document_368": 1, "document_1387": 10, "document_436": 4, "document_350": 1, "document_344": 6, "document_422": 6, "document_1383": 9, "document_378": 3, "document_1397": 11, "document_393": 8, "document_387": 6, "document_1368": 6, "document_1340": 8, "document_1426": 18, "document_1432": 19, "document_1354": 6, "document_1803": 8, "document_152": 5, "document_634": 10, "document_620": 3, "document_146": 2, "document_1181": 19, "document_608": 7, "document_1195": 7, "document_191": 4, "document_1618": 7, "document_185": 13, "document_1624": 8, "document_813": 18, "document_1142": 5, "document_807": 6, "document_1156": 2, "document_1630": 7, "document_998": 6, "document_740": 2, "document_754": 4, "document_1793": 6, "document_768": 5, "document_1787": 17, "document_783": 5, "document_797": 14, "document_1778": 15, "document_1750": 5, "document_1036": 2, "document_967": 4, "document_1022": 3, "document_973": 2, "document_1744": 6, "document_542": 6, "document_82": 5, "document_224": 12, "document_230": 8, "document_556": 10, "document_96": 13, "document_1591": 4, "document_218": 32, "document_1585": 4, "document_581": 3, "document_1208": 16, "document_41": 14, "document_595": 4, "document_55": 20, "document_1234": 5, "document_1552": 0, "document_1546": 4, "document_1220": 4, "document_69": 13, "document_1547": 6, "document_68": 7, "document_1221": 8, "document_1235": 5, "document_1553": 17, "document_54": 4, "document_594": 4, "document_40": 5, "document_580": 17, "document_1209": 8, "document_1584": 4, "document_1590": 7, "document_219": 13, "document_231": 6, "document_97": 8, "document_557": 9, "document_83": 3, "document_543": 5, "document_225": 11, "document_972": 37, "document_1023": 3, "document_1745": 15, "document_1751": 1, "document_966": 10, "document_1037": 10, "document_796": 9, "document_1779": 14, "document_782": 7, "document_769": 3, "document_1786": 7, "document_1792": 8, "document_755": 34, "document_741": 2, "document_999": 2, "document_1157": 2, "document_806": 5, "document_1631": 22, "document_1625": 26, "document_1143": 5, "document_812": 5, "document_184": 28, "document_190": 5, "document_1619": 1, "document_1194": 22, "document_1180": 49, "document_609": 7, "document_621": 26, "document_147": 8, "document_153": 7, "document_1802": 8, "document_635": 5, "document_1433": 2, "document_1355": 1, "document_1341": 8, "document_1427": 4, "document_386": 4, "document_1369": 6, "document_392": 57, "document_379": 8, "document_1396": 9, "document_1382": 3, "document_345": 5, "document_423": 8, "document_437": 1, "document_351": 1, "document_421": 4, "document_347": 4, "document_353": 1, "document_435": 3, "document_1394": 5, "document_1380": 4, "document_409": 21, "document_384": 2, "document_390": 5, "document_1419": 5, "document_1357": 2, "document_1431": 8, "document_1425": 11, "document_1343": 8, "document_145": 5, "document_623": 4, "document_637": 7, "document_1800": 12, "document_151": 3, "document_179": 0, "document_1196": 14, "document_1182": 19, "document_186": 5, "document_838": 22, "document_1169": 3, "document_192": 4, "document_1633": 8, "document_804": 1, "document_1155": 15, "document_810": 7, "document_1141": 5, "document_1627": 10, "document_757": 13, "document_743": 12, "document_1784": 5, "document_1790": 3, "document_794": 7, "document_780": 8, "document_1009": 4, "document_958": 5, "document_1747": 4, "document_1021": 5, "document_970": 11, "document_1035": 1, "document_964": 30, "document_1753": 3, "document_555": 12, "document_95": 6, "document_233": 9, "document_227": 4, "document_541": 10, "document_81": 3, "document_569": 14, "document_1586": 6, "document_1592": 2, "document_596": 4, "document_56": 8, "document_1579": 8, "document_582": 3, "document_42": 11, "document_1223": 7, "document_1545": 4, "document_1551": 5, "document_1237": 2, "document_1550": 4, "document_1236": 6, "document_1222": 10, "document_1544": 11, "document_43": 6, "document_583": 4, "document_57": 11, "document_597": 4, "document_1578": 6, "document_1593": 3, "document_568": 11, "document_1587": 4, "document_226": 5, "document_80": 13, "document_540": 10, "document_94": 11, "document_554": 9, "document_232": 5, "document_965": 11, "document_1034": 9, "document_1752": 10, "document_1746": 9, "document_971": 11, "document_1020": 9, "document_959": 10, "document_781": 23, "document_1008": 4, "document_795": 11, "document_1791": 12, "document_1785": 2, "document_742": 2, "document_756": 21, "document_1140": 4, "document_811": 8, "document_1626": 9, "document_1632": 7, "document_1154": 5, "document_805": 5, "document_193": 0, "document_187": 2, "document_1168": 14, "document_839": 15, "document_1183": 14, "document_178": 1, "document_1197": 2, "document_636": 2, "document_150": 2, "document_1801": 1, "document_144": 3, "document_622": 5, "document_1424": 6, "document_1342": 8, "document_1356": 2, "document_1430": 4, "document_391": 15, "document_1418": 16, "document_385": 12, "document_1381": 3, "document_408": 23, "document_1395": 8, "document_352": 1, "document_434": 4, "document_420": 7, "document_346": 11}