image_name,document_id
Cat_poster_1.jpg,document_0
Wild-domestic-hybrid_cat_skulls.png,document_1
Tomb_of_Nakht_%287%29.jpg,document_2
Scheme_cat_anatomy.svg,document_3
Cat_skull.jpg,document_4
Shed_domestic_cat_claw_sheaths.tiff,document_5
TapetumLucidum.JPG,document_6
Kittyply_edit1.jpg,document_7
Felis_silvestris_catus_lying_on_rice_straw.jpg,document_8
Domestic_Cat_Face_Shot.jpg,document_9
Cat_tongue_macro.jpg,document_10
Gato_enervado_pola_presencia_dun_can.jpg,document_11
Kot_z_mysz%C4%85.jpg,document_12
Cats_having_sex_in_Israel.jpg,document_13
Radiography_of_a_pregnant_cat.jpg,document_14
1dayoldkitten.JPG,document_15
Felis_catus-cat_on_snow.jpg,document_16
Feral_cat_Virginia_crop.jpg,document_17
Mainecoon-lap.jpg,document_18
Louvre_egyptologie_21.jpg,document_19
Cat_birds_MAN_Napoli_Inv9993.jpg,document_20
PSM_V37_D105_English_tabby_cat.jpg,document_21
Black_Cat_%287983739954%29.jpg,document_22
Cat03.jpg,document_23
Okapi2.jpg,document_24
Wapiti_from_Wagon_Trails.jpg,document_25
Wiktionary-logo-en-v2.svg,document_26
Wikispecies-logo.svg,document_27
Commons-logo.svg,document_28
Wikibooks-logo-en-noslogan.svg,document_29
Wikiquote-logo.svg,document_30
Symbol_portal_class.svg,document_31
World_distribution_of_snakes.svg,document_32
Tetrapodophis_amplectus_3483.jpg,document_33
Pachyrhachis_problematicus_45.JPG,document_34
Eupodophis_descouensi_Holotype.jpg,document_35
Eupodophis_descouensi_Holotype_hind_leg.jpg,document_36
Leptotyphlops_carlae.jpg,document_37
Wiki_snake_eats_mouse.jpg,document_38
Ptyas_gab_fbi.png,document_39
Nerodia_sipedon_shedding.JPG,document_40
Snake_Skeletons.jpg,document_41
Red_milk_snake.JPG,document_42
Coast_Garter_Snake.jpg,document_43
Eierschlange_frisst_Zwergwachtelei.jpg,document_44
Carpet_snake.jpg,document_45
PikiWiki_Israel_37648_Nature_and_Colors.jpg,document_46
Foot_prints_of_Snake.jpg,document_47
Neonate_sidewinder_sidewinding_with_tracks_unlabeled.jpg,document_48
Golden_tree_snake.jpg,document_49
Snake_bite_symptoms.png,document_50
ViperaBerusFang.JPG,document_51
Snake_in_basket.jpg,document_52
Guangzhou-snakes-at-restaurant-0457.jpg,document_53
Snake_meat.jpg,document_54
Golden_Uraes_Cobra_Tutankhamun%27s_Throne.jpg,document_55
Longane%2C_Sicily.JPG,document_56
Salvage_Scrap_propaganda_poster_crop2.jpg,document_57
Brazilian_Expeditionary_Forces_insignia_%28smoking_snake%29.svg,document_58
Kyyj%C3%A4rvi.vaakuna.svg,document_59
Medusa_by_Carvaggio.jpg,document_60
84,document_61
Mixco_Viejo_ballcourt_marker.jpg,document_62
Snake_icon.svg,document_63
Lizardicon.svg,document_64
Charmeur_de_serpents_%C3%A0_Jaipur_%282%29.JPG,document_65
Akha_cropped_hires.JPG,document_66
World_human_population_density_map.png,document_67
Lucy_Skeleton.jpg,document_68
Early_migrations_mercator.svg,document_69
Invasions_of_the_Roman_Empire_1.png,document_70
World_Population.svg,document_71
Anterior_view_of_human_female_and_male%2C_with_labels_2.png,document_72
Karyotype.png,document_73
Tubal_Pregnancy_with_embryo.jpg,document_74
Redheaded_child_mesmerized_2.jpg,document_75
%D0%A0%D0%BE%D0%BC%D1%81%D1%8C%D0%BA%D0%B8%D0%B9_%D1%85%D0%BB%D0%BE%D0%BF%D1%87%D0%B8%D0%BA_%28%D0%9C%D1%83%D0%BA%D0%B0%D1%87%D0%B5%D0%B2%D0%BE%29.jpg,document_76
Boy_in_Dar_es_Salaam_%2814453809622%29.jpg,document_77
Pataxo001.jpg,document_78
An_old_age.JPG,document_79
Baby_playing_with_yellow_paint._Work_by_Dutch_artist_Peter_Klashorst_entitled_%22Experimental%22.jpg,document_80
Ethnie_dong_6511a.jpg,document_81
Portrait_of_a_Persian_lady_in_Iran%2C_10-08-2006_%28cropped%29.jpg,document_82
Punjabi_woman_smile.jpg,document_83
HappyPensioneer.jpg,document_84
Preparing_The_Feast.jpg,document_85
Genetic_Variation.jpg,document_86
Seti1a.jpg,document_87
NIA_human_brain_drawing.jpg,document_88
Plate_depicting_emotions_of_grief_from_Charles_Darwin%27s_book_The_Expression_of_the_Emotions.jpg,document_89
Sweet_Baby_Kisses_Family_Love.jpg,document_90
British_Museum_Flood_Tablet.jpg,document_91
JR-Maglev-MLX01-2.jpg,document_92
Brooklyn_Museum_1992.133.4_Figure_of_Shango_on_Horseback.jpg,document_93
Dunhuang_star_map.jpg,document_94
Indian_family_in_Brazil_posed_in_front_of_hut.jpg,document_95
United_Nations_Headquarters_in_New_York_City%2C_view_from_Roosevelt_Island.jpg,document_96
Silk_route.jpg,document_97
UStankParis-edit1.jpg,document_98
Okapi2.jpg,document_99
Tree_of_life.svg,document_100
Nuvola_apps_kalzium.svg,document_101
Symbol_portal_class.svg,document_102
Evidence_as_to_Man%27s_Place_in_Naturep2.jpg,document_103
Elephant_Diversity.jpg,document_104
Loxodonta_Elephas_distribution.png,document_105
Aardvark2_%28PSF%29_colourised.png,document_106
Rhynchocyon_chrysopygus-J_Smit_white_background.jpg,document_107
The_animal_kingdom%2C_arranged_according_to_its_organization%2C_serving_as_a_foundation_for_the_natural_history_of_animals_%28Pl._18%29_%28Chrysochloris_asiatica%29.jpg,document_108
Brehms_Thierleben_-_Allgemeine_Kunde_des_Thierreichs_%281876%29_%28Tenrec_ecaudatus%29.jpg,document_109
DendrohyraxEminiSmit_white_background.jpg,document_110
Elephas_africanus_-_1700-1880_-_Print_-_Iconographia_Zoologica_-_%28white_background%29.jpg,document_111
Dugong_dugon_Hardwicke_white_background.jpg,document_112
Manatee_white_background.jpg,document_113
Moeritherium_NT_small.jpg,document_114
Deinotherium12.jpg,document_115
BlankMastodon.jpg,document_116
Gomphotherium_NT_small.jpg,document_117
Stegodon_Siwalik_Hills.jpg,document_118
African_Bush_Elephant.jpg,document_119
Mammuthus_trogontherii122DB.jpg,document_120
Elephas_maximus_%28Bandipur%29.jpg,document_121
Woolly_mammoth_model_Royal_BC_Museum_in_Victoria.jpg,document_122
Archidiskodon_imperator121.jpg,document_123
African_Forest_Elephant.jpg,document_124
Elephas-antiquus.jpg,document_125
Elephant_skeleton.jpg,document_126
Angry_elephant_ears.jpg,document_127
African_elephant_warning_raised_trunk.jpg,document_128
Asian_Elephant%2C_Royal_Chitwan_National_Park.jpg,document_129
Jaw_of_a_deceased_Loxodonta_africana_juvenile_individual_found_within_the_Voyager_Ziwani_Safari_Camp%2C_on_the_edge_of_the_Tsavo_West_National_Park%2C_near_Ziwani%2C_Kenya_3_%28edited%29.jpg,document_130
2010-kabini-tusker-bark.jpg,document_131
Forest_elephant_group_4_%286987537249%29.jpg,document_132
Elephant_Walking_animated.gif,document_133
Em_-_Loxodonta_africana_heart_-_GMZ_2.jpg,document_134
African_elephant_%28Loxodonta_africana%29_reaching_up_1.jpg,document_135
Forest_elephant.jpg,document_136
Serengeti_Elefantenherde1.jpg,document_137
Asian_Elephant_at_Corbett_National_Park_15.jpg,document_138
2005-tusker-musth-crop.jpg,document_139
Elephantsmating.jpg,document_140
Loxodontacyclotis.jpg,document_141
Elefanti.jpg,document_142
Ivory_trade.jpg,document_143
Elefant_pune.jpg,document_144
Schlacht_bei_Zama_Gem%C3%A4lde_H_P_Motte.jpg,document_145
Flickr_-_%E2%80%A6trialsanderrors_-_Terrific_flights_over_ponderous_elephants%2C_poster_for_Forepaugh_%5E_Sells_Brothers%2C_ca._1899.jpg,document_146
Blind_monks_examining_an_elephant.jpg,document_147
Illustration_at_p._73_in_Just_So_Stories_%28c1912%29.png,document_148
Okapi2.jpg,document_149
Barytherium_graveDB1.jpg,document_150
Southern_right_whale.jpg,document_151
Crocuta_crocuta_sideview.jpg,document_152
Hartmann_zebra_hobatere_S.jpg,document_153
07._Camel_Profile%2C_near_Silverton%2C_NSW%2C_07.07.2007.jpg,document_154
Scavenger_feast_-_Yala_December_2010_%281%29_%28cropped%29.jpg,document_155
Walia_ibex_illustration_white_background.png,document_156
Hippopotamus_amphibius_in_Tanzania_2830_Nevit.jpg,document_157
Basilosaurus_cetoides_%281%29.jpg,document_158
Baleen_parts.png,document_159
Sperm_whale_skeleton_labelled.jpg,document_160
GreenlandWhaleLyd3.jpg,document_161
Delfinekko.gif,document_162
Sperm_whale_drawing_with_skeleton.jpg,document_163
Whales_Bubble_Net_Feeding-edit1.jpg,document_164
Southern_right_whale4.jpg,document_165
Polar_Bear_ANWR_10.jpg,document_166
Oceanic_whale_pump_-_journal.pone.0013255.g001.tiff,document_167
Whale_Fishing_Fac_simile_of_a_Woodcut_in_the_Cosmographie_Universelle_of_Thevet_in_folio_Paris_1574.png,document_168
Walvisvangst_bij_de_kust_van_Spitsbergen_-_Dutch_whalers_near_Spitsbergen_%28Abraham_Storck%2C_1690%29.jpg,document_169
Blue_Whale_population%2C_Pengo.svg,document_170
International_Whaling_Commission_members.svg,document_171
Whale_Watching.jpg,document_172
Im_Februar_1598_an_der_holl%C3%A4ndischen_K%C3%BCste_gestrandeter_Walfisch.jpg,document_173
Gustave_Dor%C3%A9_-_Baron_von_M%C3%BCnchhausen_-_067.jpg,document_174
Oswald_Brierly_-_Whalers_off_Twofold_Bay%2C_New_South_Wales%2C_1867.jpg,document_175
WIKI_SEA_WORLD_FL_2.jpg,document_176
Sperm_whale_fluke.jpg,document_177
Yellow.tang.arp.jpg,document_178
Okapi2.jpg,document_179
Waves_in_pacifica_1.jpg,document_180
Wapiti_from_Wagon_Trails.jpg,document_181
Georgia_Aquarium_-_Giant_Grouper_edit.jpg,document_182
Pterois_volitans_Manado-e_edit.jpg,document_183
D_Terrelli.png,document_184
Eastmanosteus_pustulosus.jpg,document_185
Nejon%C3%B6ga%2C_Iduns_kokbok.jpg,document_186
Cuvier-120-Myxine116.jpg,document_187
ConodontZICA.png,document_188
Astraspis_desiderata.png,document_189
Sphenonectris_turnernae_white_background.jpg,document_190
Lasanius_NT_small.jpg,document_191
Galeaspids_NT.jpg,document_192
Pituriaspida.gif,document_193
Cephalaspis_Lyellii.jpg,document_194
Dunkleosteus_intermedius.jpg,document_195
Diplacanthus_reconstructed.jpg,document_196
BrochoadmonesDB15.jpg,document_197
Chimaera_monstrosa1.jpg,document_198
White_shark_%28Duane_Raver%29.png,document_199
Acanthodes_BW.jpg,document_200
Cuvier-105-Polypt%C3%A8re.jpg,document_201
Atlantic_sturgeon_flipped.jpg,document_202
Common_carp_%28white_background%29.jpg,document_203
OnychodusDB15_flipped.jpg,document_204
Coelacanth_flipped.png,document_205
Reconstruction_of_Porolepis_sp_flipped.jpg,document_206
Barramunda_coloured.jpg,document_207
Gooloogongia_loomesi_reconstruction.jpg,document_208
Eusthenodon_DB15_flipped.jpg,document_209
Tiktaalik_BW_white_background.jpg,document_210
Ichthyostega_BW_%28flipped%29.jpg,document_211
Salamandra_salamandra_%28white_background%29.jpg,document_212
Leedsichthys_problematicus.jpg,document_213
12,document_214
Hornhai_%28Heterodontus_francisci%29.JPG,document_215
Salmo_trutta.jpg,document_216
Latimeria_chalumnae01.jpg,document_217
Leafydragon.jpg,document_218
Synchiropus_splendidus_2_Luc_Viatour_cropped.png,document_219
Fish_evolution.png,document_220
Queensland_Lungfish_%28Neoceratodus_forsteri%29.jpg,document_221
Amia_calva_4.jpg,document_222
Petromyzon_marinus_Linnaeus_1758_Fig_106_%28Matschie_et_al._1909%29.svg,document_223
Notorynchus_cepedianus_%28Broadnose_sevengill_shark%29.gif,document_224
Salamender_%28PSF%29.png,document_225
Lepidosiren_paradoxa2.jpg,document_226
Coelacanth-bgiu.png,document_227
Polypterus_bichir.jpg,document_228
Acipenser_gueldenstaedtii.jpg,document_229
Lepisosteus_platostomus.jpg,document_230
Amia_calva.jpg,document_231
Engraulis_ringens.jpg,document_232
Torskens_indre_organer.jpg,document_233
Tuna_Gills_in_Situ_01.jpg,document_234
Didactic_model_of_a_fish_heart--FMVZ_USP-09.jpeg,document_235
Fish_brain.png,document_236
Lampanyctodes_hectoris_%28Hector%27s_lanternfish%29.svg,document_237
Swim_bladder.jpg,document_238
Fish_ovary-_FMVZ_USP-27_%28cropped%29.jpg,document_239
Oeufs002b%2C57.png,document_240
Oeufs002b%2C54.png,document_241
Oeufs002b%2C55.png,document_242
Oeufs002b%2C56.png,document_243
French_grunts_-_Haemulon_flavolineatum.jpg,document_244
C%28flipped%29.jpg,document_245
Whale_shark_Georgia_aquarium.jpg,document_246
Community_fish-farming_ponds_in_the_rural_town_of_Masi_Manimba%2C_DRC_%287609946524%29.jpg,document_247
Oulu_Market_Hall_20170617_04.jpg,document_248
Vendor_in_Fish_Market_-_Sylhet_-_Bangladesh_%2812968716714%29.jpg,document_249
Matsya_painting.jpg,document_250
Ichthus.svg,document_251
School_of_Pterocaesio_chrysozona_in_Papua_New_Guinea_1.jpg,document_252
Antennarius_striatus.jpg,document_253
Tree_of_life.svg,document_254
Blue_merle_koolie_short_coat_heading_sheep.jpg,document_255
Dog_-_%E0%B4%A8%E0%B4%BE%E0%B4%AF-6.JPG,document_256
Chin_posing.jpg,document_257
Lengthy_body_Kanni.jpg,document_258
Black_Labrador_Retriever_-_Male_IMG_3323.jpg,document_259
Sarabi-dog.jpg,document_260
Brooks_Chase_Ranger_of_Jolly_Dogs_Jack_Russell.jpg,document_261
Huskiesatrest.jpg,document_262
Wilde_huendin_am_stillen.jpg,document_263
Brechschere-Hund.jpg,document_264
Big_and_little_dog.jpg,document_265
Dog_anatomy_lateral_skeleton_view.jpg,document_266
Dog_coat_variation.png,document_267
S%C3%A4ugende_H%C3%BCndin.JPG,document_268
Golden_retriever_eating_pigs_foot.jpg,document_269
Siberian_Husky_pho.jpg,document_270
Walking_the_dog_%281945527533%29.jpg,document_271
Cerberus-Blake.jpeg,document_272
Symbol_portal_class.svg,document_273
Walking_tiger_female.jpg,document_274
Tiger_map.svg,document_275
Tiger_phylogenetic_relationships.png,document_276
Tiger_in_Ranthambhore.jpg,document_277
Panthera_tigris_virgata.jpg,document_278
Siberian_Tiger_sf.jpg,document_279
2012_Suedchinesischer_Tiger.JPG,document_280
Panthera_tigris_corbetti_%28Tierpark_Berlin%29_832-714-%28118%29.jpg,document_281
Tiger_in_the_water.jpg,document_282
Panthera_tigris_sondaica_01.jpg,document_283
Bali_tiger_zanveld.jpg,document_284
Panthera_tigris_sumatran_subspecies.jpg,document_285
Longdan_tiger.png,document_286
Siberian_Tiger_by_Malene_Th.jpg,document_287
Bengal_Tiger_Skeleton.jpg,document_288
Haifa_White_Tigers-9129-13.jpg,document_289
Historical_tiger_distribution_PLoS_2009.png,document_290
Tigerwater_edit2.jpg,document_291
JenB_Marking_Territory.JPG,document_292
Flying_Princess_%28cropped%29.jpg,document_293
Tiger%27s_Flehmen_Response_-_Kanha_National_Park.jpg,document_294
Panthera_tigris_-Franklin_Park_Zoo%2C_Massachusetts%2C_USA-8a_%281%29.jpg,document_295
Amitava_banerjee_tiger_wild_boar_tadoba.jpg,document_296
037tiger.jpg,document_297
RANTHAMBORE_TIGER_RESERVE.jpg,document_298
Tigerdholes.jpg,document_299
Tigeress_with_cubs_in_Kanha_Tiger_reserve.jpg,document_300
Tigers_of_Tadoba.jpg,document_301
Wild_Sumatran_tiger.jpg,document_302
ElephantbackTigerHunt.jpg,document_303
COLLECTIE_TROPENMUSEUM_Een_groep_mannen_en_kinderen_poseert_bij_een_pas_geschoten_tijger_te_Malingping_in_Bantam_West-Java_TMnr_10006636.jpg,document_304
Maneater_calcutta1903_stereoscopic.jpg,document_305
Ringling_Bros_and_Barnum_%26_Bailey_Circus_Gunther_Gebel-Williams_1969.jpg,document_306
Bronze_Tiger_Tally_%22Jie%22_with_Gold_Inlay_from_Tomb_of_Zhao_Mo.jpg,document_307
Minhwa-Tiger_and_magpie-03.jpg,document_308
The_Tyger_BM_a_1794.jpg,document_309
Chola_coin_with_legend_%22Uttama%22.png,document_310
Cat03.jpg,document_311
Okapi2.jpg,document_312
Issoria_lathonia.jpg,document_313
Asia_%28orthographic_projection%29.svg,document_314
Commons-logo.svg,document_315
Wikispecies-logo.svg,document_316
Wikiquote-logo.svg,document_317
Wikivoyage-Logo-v3-icon.svg,document_318
Lion_waiting_in_Namibia.jpg,document_319
Okonjima_Lioness.jpg,document_320
Lion_distribution.png,document_321
Two_cladograms_for_Panthera.svg,document_322
Lion_subspecies_distribution3.png,document_323
Panthera_Atrox.jpg,document_324
Cave_lion_range.png,document_325
Lioness_12.jpg,document_326
Description_iconographique_compar%C3%A9e_du_squelette_et_du_syst%C3%A8me_dentaire_des_mammif%C3%A8res_r%C3%A9cents_et_fossiles_%28Panthera_leo%29.jpg,document_327
Lion_%28Panthera_leo%29_male_6y.jpg,document_328
Lion_au_repos_parc_pendjari.jpg,document_329
Asiatic_lion_01.jpg,document_330
Lion_%28Panthera_leo%29_male_and_cub_Etosha.jpg,document_331
Lions_Family_Portrait_Masai_Mara.jpg,document_332
Lions_taking_down_cape_buffalo.jpg,document_333
Lion_and_eland.jpg,document_334
Hyenas_Fight_Against_Lions_Over_a_Kill_HD_10.png,document_335
Lioness_vs_Leopard_9_July_2016_Latest_Sightings_1.png,document_336
Panthera_leo_massaica_mating.jpg,document_337
Lion_cub%2C_Masai_Mara%2C_Kenya.jpg,document_338
Lake-Nakuru-Lions-in-Tree.JPG,document_339
Lion_cub_with_mother.jpg,document_340
Lion_Gir.jpg,document_341
India_Animals.jpg,document_342
Lion_-_melbourne_zoo.jpg,document_343
Lion_tamer_%28LOC_pga.03749%29.jpg,document_344
Sculpted_reliefs_depicting_Ashurbanipal%2C_the_last_great_Assyrian_king%2C_hunting_lions%2C_gypsum_hall_relief_from_the_North_Palace_of_Nineveh_%28Irak%29%2C_c._645-635_BC%2C_British_Museum_%2816722183731%29.jpg,document_345
Lionsoftsavo2008.jpg,document_346
Luxor_Sekhmet_New_Kingdom.JPG,document_347
Berl%C3%ADn_Ishtar_le%C3%B3n._02.JPG,document_348
Lion_Capital_of_Ashoka.jpg,document_349
Cowardly_lion2.jpg,document_350
Cat03.jpg,document_351
Okapi2.jpg,document_352
Issoria_lathonia.jpg,document_353
Bicho-pregui%C3%A7a_3.jpg,document_354
Choloepus_hoffmanni_%28Puerto_Viejo%2C_CR%29_crop.jpg,document_355
Megatherium_americanum_Skeleton_NHM.JPG,document_356
Nothrotheriops_shastensis_La_Brea.jpg,document_357
Megalonyx_wheatleyi_skeleton_%26_restoration.jpg,document_358
San_Diego_Paramylodon.jpg,document_359
MC_Drei-Finger-Faultier.jpg,document_360
Two-toed_sloth_Costa_Rica_-_cropped.jpg,document_361
Bradypus_pygmaeus.jpg,document_362
SlothDWA.jpg,document_363
Wiktionary-logo-en-v2.svg,document_364
Commons-logo.svg,document_365
Wikispecies-logo.svg,document_366
Synocnus_comes.jpg,document_367
Megatherum_DB.jpg,document_368
American_bison_k5680-1.jpg,document_369
Bison_bonasus_%28Linnaeus_1758%29.jpg,document_370
Bison_on_plaque_Bedeilhac_grottoe_Ariege.jpg,document_371
Bison_skeleton_taxidermy_mount.jpg,document_372
Euroameribison.jpg,document_373
Muybridge_Buffalo_galloping.gif,document_374
Buffalo_charges_Elk_near_old_faithful_-_panoramio.jpg,document_375
The_last_of_the_Canadian_buffaloes_Photo_No_580_%28HS85-10-13487%29.jpg,document_376
Elk_and_Bison_inYellowstone%2C_Wyoming.jpg,document_377
Journal.pone.0112884.g001_a.png,document_378
Bison_skull_pile_edit.jpg,document_379
FoodMeat.jpg,document_380
Plateau_van_zeevruchten.jpg,document_381
Foodlogo2.svg,document_382
Giraffe_Mikumi_National_Park.jpg,document_383
Giraffa_camelopardalis_distribution2.png,document_384
Tragulus_napu_-_1818-1842_-_Print_-_Iconographia_Zoologica_-_Special_Collections_University_of_Amsterdam_-_%28white_background%29.jpg,document_385
Antilocapra_white_background.jpg,document_386
Giraffa_camelopardalis_Brockhaus_white_background.jpg,document_387
The_deer_of_all_lands_%281898%29_Hangul_white_background.png,document_388
Birds_and_nature_%281901%29_%2814562088237%29_white_background.jpg,document_389
Moschus_chrysogaster_white_background.jpg,document_390
Giraffidcomparison.jpg,document_391
Genetic_subdivision_in_the_giraffe_based_on_mitochondrial_DNA_sequences.png,document_392
Zoo_de_Vincennes%2C_Paris%2C_France_April_2014_%287%29%2C_crop.jpg,document_393
Giraffa_camelopardalis_camelopardalis_%28Al_Ain_Zoo%2C_UAE%29%2C_crop_%26_flip.jpg,document_394
Rothschild%27s_Giraffe_%28Giraffa_camelopardalis_rothschildi%29_male_%287068054987%29%2C_crop_%26_edit.jpg,document_395
Giraffe-solo_Koure-NIGER.jpg,document_396
Giraffa_camelopardalis_reticulata_01%2C_flip.jpg,document_397
Giraffa_camelopardalis_angolensis%2C_flip.jpg,document_398
Giraffe_standing.jpg,document_399
GiraffaCamelopardalisTippelskirchi-Masaai-Mara.JPG,document_400
Giraffe_Walking_Square%2C_flip.jpg,document_401
Giraffe_skeleton.jpg,document_402
Giraffa_camelopardalis_head_%28Profil%29.jpg,document_403
Masai_Giraffe_right-rear_foot.jpg,document_404
Flickr_-_Rainbirder_-_High-rise_living.jpg,document_405
GiraffaRecurrEn.svg,document_406
Flickr_-_Rainbirder_-_Reticulated_Giraffe_drinking.jpg,document_407
Giraffe_feeding%2C_Tanzania.jpg,document_408
Giraffe_%28Giraffa_camelopardalis%29_females.jpg,document_409
Giraffa_camelopardalis_angolensis_%28mating%29.jpg,document_410
Angolan_giraffe_%28Giraffa_camelopardalis_angolensis%29_female_with_young_2_months.jpg,document_411
Giraffe_Ithala_KZN_South_Africa_Luca_Galuzzi_2004.JPG,document_412
Lioness_with_giraffe_kill%2C_jackal_lurking%2C_kenya%2C_august_9th_2012.jpg,document_413
Giraffe_cave_art.jpg,document_414
Tribute_Giraffe_with_Attendant.jpg,document_415
Giraffe_koure_niger_2006.jpg,document_416
Hippo_%28Hippopotamus_amphibius%29_%2816485955207%29.jpg,document_417
Hippo_distribution.gif,document_418
Hipop%C3%B3tamo_%28Hippopotamus_amphibius%29%2C_parque_nacional_de_Chobe%2C_Botsuana%2C_2018-07-28%2C_DD_60.jpg,document_419
Evolutionary_relationships_among_laurasiatherian_mammals_as_used_in_molecular_evolution_analyses.jpg,document_420
Anthracotherium_magnum.jpg,document_421
Malagasy_Hippopotamus.jpg,document_422
Hippo_skull_dark.jpg,document_423
Hipop%C3%B3tamos_%28Hippopotamus_amphibius%29%2C_parque_nacional_de_Chobe%2C_Botsuana%2C_2018-07-28%2C_DD_79.jpg,document_424
Hippopotamus_in_San_Diego_Zoo.jpg,document_425
Hippovictora.png,document_426
Incised_hippopotamus_ivory_tusk%2C_upper_canine._Four_holes_around_top._From_Naqada_Tomb_1419%2C_Egypt._Naqada_period._The_Petrie_Museum_of_Egyptian_Archaeology%2C_London.jpg,document_427
Hippo_pod_edit.jpg,document_428
Hippo_fight.jpg,document_429
Hippo_with_young.jpg,document_430
Hippofetus.jpg,document_431
Kruger-Park-Hippo-And-Crocodile.jpg,document_432
Standing_Hippopotamus_MET_DP248993.jpg,document_433
Obaysch_1852.jpg,document_434
Kalabari_masks_BM.jpg,document_435
Hippopotamus-polka-early1850s.jpg,document_436
Okapi2.jpg,document_437
Nile_crocodile_head.jpg,document_438
Pangil_Crocodile_Park_Davao_City.jpg,document_439
Crocodylidae_Distribution.png,document_440
Crocodylus_acutus_mexico_02-edit1.jpg,document_441
Croc_inter.jpg,document_442
Australia_Cairns_18.jpg,document_443
Crocodylus_mindorensis_basking_on_a_rock_in_the_Disulap_River%2C_Barangay_Disulap_-_ZooKeys-266-001-g102.jpg,document_444
Morelets.crocodile.arp.jpg,document_445
Nile_croc_couple_690V1510_-_Flickr_-_Lip_Kee.jpg,document_446
Neuguinea-krokodil-0272.jpg,document_447
Mugger_crocodile_Crocodylus_palustris_%282155269175%29.jpg,document_448
Crocodylus_porosus_4.jpg,document_449
Cuban_Crocodile.JPG,document_450
3.06b.jpg,document_451
Crocodile_-_Copenhagen_Zoo.jpg,document_452
Dwarf_crocodile_01.JPG,document_453
Crocodylus_cataphractus_faux-gavial_d%27Afrique2.JPG,document_454
Mecistops_leptorhynchus_2009.jpg,document_455
Skull_%26_scutes_-_Crocodylinae.jpg,document_456
Crocodilelyd5.png,document_457
Large_Crocodylus_porosus.jpg,document_458
A_crocodiles_eye_%287825799462%29.jpg,document_459
Crocodile_attack_during_Mara_River_crossing_-_frame_1_-_Flickr_-_Lip_Kee.jpg,document_460
Human_Crocodile_Conflict.jpg,document_461
Crocodile_at_Ranganathittu%2C_Mysore%2C_Karnataka.JPG,document_462
Nile_Crocodile_%28Crocodylus_niloticus%29_trying_to_swallow_a_big_Tilapia_%28Oreochromis_sp.%29..._%2816818888756%29.jpg,document_463
Crocodile_farm_in_Mexico.JPG,document_464
Crocodiles_resting_together.jpeg,document_465
Nile_crocodile_eggs.jpg,document_466
Crocfarm.jpg,document_467
Crocadiles.jpg,document_468
Crocodylus_acutus_mexico_01.jpg,document_469
Voay_robustus.JPG,document_470
Caiman_crocodilus_llanos_white_background.JPG,document_471
Melanosuchus_niger_white_background.jpg,document_472
Dwarf_Caiman_white_background.jpg,document_473
Alligator_white_background.jpg,document_474
Siamese_Crocodile_white_background.jpg,document_475
Crocodylus_cataphractus_faux-gavial_d%27Afrique2_white_background.JPG,document_476
Bristol.zoo.westafrican.dwarf.croc.arp._white_background.jpg,document_477
Gavialis_gangeticus_%28Gharial%2C_Gavial%29_white_background.jpg,document_478
Tomistoma_schlegelii._white_background.JPG,document_479
Marine_Stingers_Sign_Cairns.JPG,document_480
The_American_River_Ganges_%28Thomas_Nast_cartoon%29.jpg,document_481
Crocodile_wallets.jpg,document_482
Teriyaki_CrocTail.jpg,document_483
Sobek_Oxford.jpg,document_484
Plaque_with_Crocodile_Deity%2C_ca._700-900.%2C33.448.12.jpg,document_485
City_of_Surabaya_Logo.svg,document_486
Commons-logo.svg,document_487
Lizardicon.svg,document_488
Deinosuchus_riograndensis.png,document_489
Purussaurus_BW.jpg,document_490
Crocodylus_anthropophagus_NT.jpg,document_491
Hanyusuchus_life_reconstruction.jpg,document_492
FoodMeat.jpg,document_493
Plateau_van_zeevruchten.jpg,document_494
Foodlogo2.svg,document_495
Turtle_diversity.jpg,document_496
World.distribution.testudines.1.png,document_497
Turtle_skeleton_cross-section%2C_labelled_as_infographic.svg,document_498
How_the_Turtle_Gets_its_Shell.svg,document_499
Mocs%C3%A1ri_tekn%C5%91s_Kiserd%C5%91_2016.jpg,document_500
Green_Sea_Turtle_swimming.jpg,document_501
Red_Eared_Slider%27s_Eye.jpg,document_502
Indian_softshell_turtle_%28Nilssonia_gangetica%29_Babai_River_nose-breathing_at_surface.jpg,document_503
Snapping_turtle_in_Mud.JPG,document_504
Two_basking_cooter_turtles_%285861462496%29.jpg,document_505
Green_Sea_Turtle_grazing_seagrass.jpg,document_506
Chelodina_oblonga_1.jpeg,document_507
Crested_Caracara_eating_a_turtle_%2816753759877%29.jpg,document_508
Tortoise_Snap_%282_frames%29.jpg,document_509
Three-toed_Box_Turtle_%2847930139991%29.jpg,document_510
Snapping_turtle_4_md.jpg,document_511
Tortoise-Hatchling.jpg,document_512
Origin_of_Turtle_Body_Plan.jpg,document_513
Deinosuchus_riograndensis.png,document_514
Spot-billed_pelican_takeoff_white_background.jpg,document_515
Psammobates_geometricus_1872_white_background.jpg,document_516
Zoology_of_Egypt_%281898%29_%28Varanus_exanthematicus%29.png,document_517
Erp%C3%A9tologie_g%C3%A9n%C3%A9rale%2C_ou%2C_Histoire_naturelle_compl%C3%A8te_des_reptiles_%28Pelomedusa_subrufa%29.jpg,document_518
Erp%C3%A9tologie_g%C3%A9n%C3%A9rale%2C_ou%2C_Histoire_naturelle_compl%C3%A8te_des_reptiles_%28Podocnemis_expansa%29.jpg,document_519
Erp%C3%A9tologie_g%C3%A9n%C3%A9rale%2C_ou%2C_Histoire_naturelle_compl%C3%A8te_des_reptiles_%28Chelus_fimbriata%29.jpg,document_520
Erp%C3%A9tologie_g%C3%A9n%C3%A9rale%2C_ou%2C_Histoire_naturelle_compl%C3%A8te_des_reptiles_%28Centrochelys_sulcata%29.jpg,document_521
Erp%C3%A9tologie_g%C3%A9n%C3%A9rale%2C_ou%2C_Histoire_naturelle_compl%C3%A8te_des_reptiles_%28Morenia_ocellata%29.jpg,document_522
Erp%C3%A9tologie_g%C3%A9n%C3%A9rale%2C_ou%2C_Histoire_naturelle_compl%C3%A8te_des_reptiles_%28Platysternon_megacephalum%29.jpg,document_523
Emydoidea_blandingiiHolbrookV1P03A_flipped.jpg,document_524
Erp%C3%A9tologie_g%C3%A9n%C3%A9rale%2C_ou%2C_Histoire_naturelle_compl%C3%A8te_des_reptiles_%28Chelydra_serpentina%29.jpg,document_525
ChloremysAbnormisFord_white_background.jpg,document_526
Erp%C3%A9tologie_g%C3%A9n%C3%A9rale%2C_ou%2C_Histoire_naturelle_compl%C3%A8te_des_reptiles_%28Sternotherus_odoratus%29.jpg,document_527
Erp%C3%A9tologie_g%C3%A9n%C3%A9rale%2C_ou%2C_Histoire_naturelle_compl%C3%A8te_des_reptiles_%28Dermochelys_coriacea%29.jpg,document_528
Erp%C3%A9tologie_g%C3%A9n%C3%A9rale%2C_ou%2C_Histoire_naturelle_compl%C3%A8te_des_reptiles_%28Chelonia_mydas%29.jpg,document_529
Pig-nosed_turtle_%28Carettochelys_insculpta%29_%28cropped%29.jpg,document_530
Erp%C3%A9tologie_g%C3%A9n%C3%A9rale%2C_ou%2C_Histoire_naturelle_compl%C3%A8te_des_reptiles_%28Lissemys_punctata%29.jpg,document_531
T.h._hermanni_con_speroni_5.JPG,document_532
Pelomedusa_subrufa_%28cropped%29.JPG,document_533
Turtle_neck_retraction.svg,document_534
Loggerhead_ted-noaa.jpg,document_535
Kurmavatara_%28tortoise_incarnation_of_Vishnu%29%2C_from_Garhwa%2C_Allahabad_District.jpg,document_536
PSM_V10_D562_The_hindoo_earth.jpg,document_537
Kangxi-Lugou-rebuilding-stele-3581.jpg,document_538
Alice_par_John_Tenniel_34.png,document_539
The_Turtle_1898_Manhattan_Theatre_poster.jpg,document_540
Terrapin_Shell_Leg_Rattles_Worn_by_Lead_Woman_Dancer%2C_Oconaluftee_Village%2C_NC._-_NARA_-_281630.jpg,document_541
StateLibQld_2_395489_Catching_turtles%2C_wood_engraving%2C_1875.jpg,document_542
TurtleSeafood.jpg,document_543
Turtle_plastrons_as_TCM_in_Xi%27an_market.jpg,document_544
Peigne_en_%C3%A9caille.jpg,document_545
Sheldonbasking.JPG,document_546
Kolm%C3%A5rden_Wolf.jpg,document_547
Canis_lupus_distribution_%28IUCN%29.png,document_548
Dogs%2C_jackals%2C_wolves%2C_and_foxes_%28Plate_I%29.png,document_549
Dogs%2C_jackals%2C_wolves%2C_and_foxes_%28Plate_IX%29.png,document_550
Dogs%2C_jackals%2C_wolves%2C_and_foxes_%28Plate_XI%29.jpg,document_551
Dogs%2C_jackals%2C_wolves%2C_and_foxes_%28Plate_VI%29.png,document_552
Dogs%2C_jackals%2C_wolves%2C_and_foxes_%28Plate_X%29.png,document_553
Dogs%2C_jackals%2C_wolves%2C_and_foxes_%28Plate_XLI%29.png,document_554
Dogs%2C_jackals%2C_wolves%2C_and_foxes_%28Plate_XLIV%29.png,document_555
Dogs%2C_jackals%2C_wolves%2C_and_foxes_%28Plate_XIII%29.png,document_556
Dogs%2C_jackals%2C_wolves%2C_and_foxes_%28Plate_XII%29.png,document_557
Canisetr.JPG,document_558
F1_wolf-dog_hybrids_from_Wildlife_Park_Kadzidlowo%2C_Poland.png,document_559
Front_view_of_a_resting_Canis_lupus_ssp.jpg,document_560
Canis_lupus_italicus_skeleton_%28white_background%29.jpg,document_561
13,document_562
Black_and_White_Wolves.jpg,document_563
Lupo_in_Sassoferrato.jpg,document_564
Wolf_with_Caribou_Hindquarter.jpg,document_565
Wolves_bear_ravens.png,document_566
Canis_lupus_pallipes_Mysore_Zoo_2.jpg,document_567
Korean_wolves_mating_%28cropped%29.jpg,document_568
Iberian_Wolf_01.jpg,document_569
Wolves_and_elk.jpg,document_570
Wolves_eating_deer.jpeg,document_571
Wild_Wolf_Afflicted_with_Mange.jpg,document_572
Mexican_Wolf_2_yfb-edit_1.jpg,document_573
Wolf_-_populations_in_Europe.png,document_574
Desert_wolf_1.jpg,document_575
Capitoline_she-wolf_Musei_Capitolini_MC1181.jpg,document_576
Dore_ridinghood.jpg,document_577
The_Allendale_Wolf.jpg,document_578
Grenier_Saint_Martin_loup_MdlaC.jpg,document_579
Provedenie_meropriyatii_po_otstrelu_vrednyh_givotnyh_na_territorii_Kamyshinskogo_raiona_Volgogradskoi_oblasti.jpg,document_580
Rhino_collage.png,document_581
Rhinocerotidae_distribution_map_en.png,document_582
Waterberg_Nashorn2.jpg,document_583
Ostafrikanisches_Spitzmaulnashorn.JPG,document_584
One_horned_Rhino.jpg,document_585
Java-1934.jpg,document_586
Sumatran_Rhino_2.jpg,document_587
Coelodonta_antiquitatis_.jpg,document_588
Sa-rhino-skin.jpg,document_589
Rhino_size_comparison.jpg,document_590
Rhino_poaching_in_Africa_%282008-2018%29.png,document_591
Weight_of_seized_rhino_horns%2C_OWID.svg,document_592
Rhino_with_fake_horn.jpg,document_593
Shan-Shan_Museum_-_Western_Zhou_Bronze_Rhino_Zun.jpg,document_594
Bronze_rhinoceros_wine_vessel.jpg,document_595
D%C3%BCrer_-_Rhinoceros.jpg,document_596
Villa_Del_Casale_Grande_Chasse-2.jpg,document_597
Rhinos_Chauvet_Cave.jpg,document_598
Justso_rhino.jpg,document_599
12_-_The_Mystical_King_Cobra_and_Coffee_Forests.jpg,document_600
Distribution_O._hannah.png,document_601
Ophiophagus_scalation.png,document_602
Baby_king_cobra_neck_pattern.JPG,document_603
Ophiophagus_hannah2.jpg,document_604
King-Cobra.jpg,document_605
King-Cobra-India.jpg,document_606
Elapidae_-_Ophiophagus_hannah.JPG,document_607
Baby_king_cobra_front_view.JPG,document_608
Ophiophagus_hannah_skull.jpg,document_609
Flag_of_India.svg,document_610
Emblem_of_India.svg,document_611
Grosser_Panda.JPG,document_612
Mapa_distribuicao_Ailuropoda_melanoleuca.png,document_613
Panda_%28Chinese_characters%29.svg,document_614
Baby_Pandas.JPG,document_615
Quinlingpandabearr.jpg,document_616
Giant_Panda_Skull.JPG,document_617
Giant_panda-Tonton-1.jpg,document_618
Giant_panda_Left_hand_Bone_2.jpg,document_619
Giant_Pandas_having_a_snack.jpg,document_620
Chengdu-pandas-d18.jpg,document_621
Chengdu_panda_breeding.jpg,document_622
Lightmatter_panda.jpg,document_623
Panda_Cub_from_Wolong%2C_Sichuan%2C_China.JPG,document_624
Okapi2.jpg,document_625
Orang_Utan%2C_Semenggok_Forest_Reserve%2C_Sarawak%2C_Borneo%2C_Malaysia.JPG,document_626
Orangutan_distribution.png,document_627
Man-of-the-Woods.jpg,document_628
Bornean%2C_Sumatran_%26_Tapanuli_orangs_%28horizontal%29.jpg,document_629
Sivapithecus_sivalensis.JPG,document_630
Pongo_tapanuliensis_male_female.jpg,document_631
Orang-Utan_Tournai.jpg,document_632
Orangutan_-Zoologischer_Garten_Berlin-8a.jpg,document_633
Leuser-orangs_09N8683.jpg,document_634
Male_Bornean_Orangutan_-_Big_Cheeks.jpg,document_635
Orangutan_male_%2815433476577%29.jpg,document_636
Bukit_Lawang%2C_orangutans_%286785217748%29.jpg,document_637
Bornean_Orangutan_in_nest.jpg,document_638
Orangutan_using_precision_grip.jpg,document_639
Birute_Galdikas.jpg,document_640
Daniel_Urrabieta_y_Vierge_-_The_Murders_in_the_Rue_Morgue.jpg,document_641
The_Female_Orang_-_Utan.png,document_642
Riau_palm_oil_2007.jpg,document_643
FZS_Programm_Director_Peter_Pratje_working_with_orangutans_in_Bukit_Tigapulu%2C_Indonesia.jpg,document_644
Man_of_the_woods.JPG,document_645
Evidence_as_to_Man%27s_Place_in_Naturep2.jpg,document_646
TeilhardinaDB15.jpg,document_647
EosimiasDB15.jpg,document_648
Aegyptopithecus_NT.jpg,document_649
Gigantopithecus.png,document_650
Wild_Platypus_4.jpg,document_651
Distribution_of_the_Platypus_%28Ornithorhynchus_anatinus%29.png,document_652
Platypus_%28Ornithorhynchus_anatinus%29._First_Description_1799.jpg,document_653
Schnabeltier_1.jpg,document_654
Platypus-sketch.jpg,document_655
Platypus_spur.JPG,document_656
Platypus_in_Geelong.jpg,document_657
Animaldentition_ornithoryncusanatinus.png,document_658
Platypus.jpg,document_659
Ornithorhynchus_anatinus_-_nest_with_eggs_-_MUSE.JPG,document_660
Steropodon_BW.jpg,document_661
Platypus_skeleton_Pengo.jpg,document_662
Platypus-plate.jpg,document_663
Platypus_house_at_Lone_Pine_Koala_Sanctuary.jpg,document_664
Platypus_cape_unknown_tasmania.jpg,document_665
Latrobe_BigPlatypus.jpg,document_666
Australianstamp_1551.jpg,document_667
Pseudotribos_BW.jpg,document_668
Genera_mammalium_Ornithorhynchus_anatinus.jpg,document_669
Yanoconodon_BW.jpg,document_670
Repenomamus_BW.jpg,document_671
Volaticotherium.jpg,document_672
Cronopio.png,document_673
Eomaia_NT.jpg,document_674
Penguins_collage.png,document_675
Penguin_range.png,document_676
Penguin_in_Antarctica_jumping_out_of_the_water.jpg,document_677
Antarctic_adelie_penguins_%28js%29_21.jpg,document_678
135_-_Cap_Virgenes_-_Manchot_de_Magellan_-_Janvier_2010.JPG,document_679
Falkland_Islands_Penguins_88.jpg,document_680
Penguins_walking_-Moltke_Harbour%2C_South_Georgia%2C_British_overseas_territory%2C_UK-8.jpg,document_681
Emperor_Penguin_Manchot_empereur.jpg,document_682
Pygoscelis_antarcticus_-Cooper_Bay%2C_South_Georgia%2C_British_Overseas_Territories%2C_UK-8.jpg,document_683
Little_Penguin_Feb09.jpg,document_684
Ping%C3%BCino_%281%29.JPG,document_685
Yellow-eyed_Penguin_MC.jpg,document_686
SnaresPenguin_%28Mattern%29_large.jpg,document_687
Icadyptes_BW.jpg,document_688
CSIRO_ScienceImage_11266_Penguin_tracks.jpg,document_689
Spheniscus_humboldti_-swimming_-aquarium-8a.jpg,document_690
Penguin_Wing.svg,document_691
Taxidermy_of_a_penguin_skin.jpg,document_692
Pygoscelis_papua_-Nagasaki_Penguin_Aquarium_-swimming_underwater-8a.jpg,document_693
Penguins_on_Gourdin_Island.jpg,document_694
G%C3%A1lapagos_Penguins_Near_Isabela_Island.jpg,document_695
Brown_Bluff-2016-Tabarin_Peninsula%E2%80%93Gentoo_penguin_%28Pygoscelis_papua%29_05.jpg,document_696
CharlesGreenwithPenguin.png,document_697
AntarcticaSummer.jpg,document_698
Tux.svg,document_699
Symbol_portal_class.svg,document_700
cd,document_701
Lion_in_masai_mara.jpg,document_702
Lion_distribution.png,document_703
Jaguar_%28Panthera_onca_palustris%29_male_Three_Brothers_River_2.jpg,document_704
Panthera_onca_distribution.svg,document_705
Panthera_pardus_orientalis_Colchester_Zoo_%281%29.jpg,document_706
Leopard_distribution.jpg,document_707
P.t.altaica_Tomak_Male.jpg,document_708
Tiger_map.svg,document_709
Schneeleopard_Koeln.jpg,document_710
SnowLeopard_distribution.jpg,document_711
Two_cladograms_for_Panthera.svg,document_712
Studienblatt_Felis_macroscelis_Nebelparder_%28white_background%29.jpg,document_713
Stamp-russia2014-save-russian-cats-%28snow_leopard%29.png,document_714
Felis_onca_-_1818-1842_-_Print_-_Iconographia_Zoologica_-_Special_Collections_University_of_Amsterdam_-_%28white_background%29.jpg,document_715
Stamps_of_Moldova_2010_Panthera_leo_spelaea_%28mod%29.jpg,document_716
Felis_leo_-_1818-1842_-_Print_-_Iconographia_Zoologica_-_Special_Collections_University_of_Amsterdam_-%28White_Background%29.jpg,document_717
Felis_pardus_-_1818-1842_-_Print_-_Iconographia_Zoologica_-_Special_Collections_University_of_Amsterdam_-_%28white_background%29.jpg,document_718
Stamp-russia2014-save-russian-cats-%28tiger%29.png,document_719
Gorille_des_plaines_de_l%27ouest_%C3%A0_l%27Espace_Zoologique.jpg,document_720
Distibuci%C3%B3n_gorilla.png,document_721
Gorilla_Male_perspective_5.jpg,document_722
Gorilla_gorilla_%26_Gorilla_beringei.jpg,document_723
Nshongi_Gorilla_Group-7%2C_by_Justin_Norton.jpg,document_724
Gorillas-moving.jpg,document_725
Gorilla_gorilla08.jpg,document_726
Gorilla_nest.jpg,document_727
Silverback.JPG,document_728
Gorilla_gorilla11.jpg,document_729
Gorillas_in_Uganda-3%2C_by_Fiver_L%C3%B6cker.jpg,document_730
Moka_with_baby_gorilla_at_Pittsburgh_Zoo_8%2C_2012-02-17.jpg,document_731
Gorrila_tool_use-Efi.jpg,document_732
French_explorer_Paul_du_Chaillu_at_close_quarters_with_a_gorilla.jpg,document_733
Suisse_zoo_%2825%29.jpg,document_734
Kbnpsilverbackandchild.jpg,document_735
Death_of_my_hunter.jpg,document_736
Evidence_as_to_Man%27s_Place_in_Naturep2.jpg,document_737
TeilhardinaDB15.jpg,document_738
EosimiasDB15.jpg,document_739
Aegyptopithecus_NT.jpg,document_740
Gigantopithecus.png,document_741
Man_of_the_woods.JPG,document_742
Nokota_Horses_cropped.jpg,document_743
Points_of_a_horse.jpg,document_744
Horse-and-pony.jpg,document_745
Horsescd1l-095.jpg,document_746
Mare_foal_poland.jpg,document_747
Horse_anatomy.svg,document_748
Pferdeauge.jpg,document_749
Muybridge_horse_walking_animated.gif,document_750
Trot_animated.gif,document_751
Muybridge_horse_pacing_animated.gif,document_752
Canter_animated.gif,document_753
Muybridge_race_horse_animated.gif,document_754
Brockhaus_and_Efron_Encyclopedic_Dictionary_b35_043-0.jpg,document_755
Biandintz_eta_zaldiak_-_modified2.jpg,document_756
Equine_evolution.jpg,document_757
France_Loz%C3%A8re_Causse_M%C3%A9jean_Chevaux_de_Przewalski_20.jpg,document_758
Bhimbetka_rock_paintng1.jpg,document_759
Murron-Ryhti_pulling.png,document_760
Beijing2008_HOKETSU_Hiroshi.JPG,document_761
Tanga_%28carriage%29_at_Darbhanga_Bihar.jpg,document_762
Policja_konna_Pozna%C5%84.jpg,document_763
Bundesarchiv_Bild_146-1970-073-17%2C_T%C3%BCrkische_Kavallerie_s%C3%BCdlich_von_Jerusalem.jpg,document_764
Hayagreeva.jpg,document_765
Army.mil-2008-04-18-100048.jpg,document_766
Finnhorse_stallion.jpg,document_767
Toledo_man_oxen_3c08654v_%28cropped%29.jpg,document_768
Ours_brun_parcanimalierpyrenees_1.jpg,document_769
Plithocyon_armagnacensis.JPG,document_770
Arctotherium.jpg,document_771
Teufelsh%C3%B6hle-H%C3%B6hlenb%C3%A4r-Dreiviertelprofil.jpg,document_772
Lydekker_-_Ocelot_%28white_background%29.JPG,document_773
Dogs%2C_jackals%2C_wolves%2C_and_foxes_%28Plate_XI%29.jpg,document_774
Ursus_arctos_-_1700-1880_-_Print_-_Iconographia_Zoologica_-_Special_Collections_University_of_Amsterdam_-_%28white_background%29.jpg,document_775
Faroe_stamp_227_grey_seal_%28Phoca_vitulina%29_white_background.jpg,document_776
Ailurus_fulgens_-_1700-1880_-_Print_-_Iconographia_Zoologica_-_Special_Collections_University_of_Amsterdam_-%28white_background%29.jpg,document_777
Wild_animals_of_North_America%2C_intimate_studies_of_big_and_little_creatures_of_the_mammal_kingdom_%28Page_410%29_%28white_background%29.jpg,document_778
Mustela_eversmanii_%28white_background%29.png,document_779
Kolponomos_NT.jpg,document_780
Recherches_pour_servir_%C3%A0_l%27histoire_naturelle_des_mammif%C3%A8res_%28Pl._50%29_%28white_background%29.jpg,document_781
Spectacled_bear_%281829%29.jpg,document_782
Daphoenodon_superbus_by_R._B._Horsfall_%28coloured%29.png,document_783
Lossy-page1-2518px-Ursus_maritimus_-_1700-1880_-_Print_-_Iconographia_Zoologica_-_Special_Collections_University_of_Amsterdam_-_%28white_background%29.jpg,document_784
Ursus_thibetanus_-_1700-1880_-_Print_-_Iconographia_Zoologica_-_Special_Collections_University_of_Amsterdam_-%28white_background%29.jpg,document_785
Ursus_americanus_-_1700-1880_-_Print_-_Iconographia_Zoologica_-_Special_Collections_University_of_Amsterdam_-_%28white_background%29.jpg,document_786
Ursus_malayanus_-_1700-1880_-_Print_-_Iconographia_Zoologica_-_Special_Collections_University_of_Amsterdam_-_%28white_background%29.jpg,document_787
Tremarctos_ornatus_1824_%28flipped%29.jpg,document_788
Polar_Bear_AdF.jpg,document_789
Sepilok_Sabah_BSBCC-photos-by-Wong-Siew-Te-06.jpg,document_790
Bear_foot.jpg,document_791
Black_bear_large.jpg,document_792
Ursus_arctos_01_MWNH_145_%28cropped%29.JPG,document_793
Spectacled_Bear_161_%282%29.jpg,document_794
Brown_bear_%28Ursus_arctos%29%2C_Viiksimo%2C_Kainuu_region%2C_Finland_%2829058988558%29.jpg,document_795
Bear_tracks_%285062843250%29.jpg,document_796
Giant_Panda_Tai_Shan.JPG,document_797
Bear_Alaska_%283%29.jpg,document_798
Polar_bear_%28Ursus_maritimus%29_with_its_prey.jpg,document_799
Ursus_thibetanus_01.JPG,document_800
Standing_Sloth_Bear.jpg,document_801
Black_Bears_mating.jpg,document_802
Bj%C3%B6rnjakt_i_Dalarna_-_Nordiska_Museet_-_NMA.0052736.jpg,document_803
Chengdu-pandas-d10.jpg,document_804
Bear_trap_GTNP1.jpg,document_805
Bear_warning_Alberta.jpg,document_806
The_dancing_bear_by_William_Frederick_Witherington.jpg,document_807
Theodor_Aman_-_Ursarul.jpg,document_808
The_Three_Bears_-_Project_Gutenberg_eText_17034.jpg,document_809
Sidney_Hall_-_Urania%27s_Mirror_-_Ursa_Major.jpg,document_810
Baby_Pandas.JPG,document_811
Wapiti_from_Wagon_Trails.jpg,document_812
Coat-elements.png,document_813
Fourrure_h%C3%A9raldique_Hermine.svg,document_814
Fourrure_h%C3%A9raldique_Vair.svg,document_815
Azure%2C_a_bend_Or.svg,document_816
Vombatus_ursinus_-Maria_Island_National_Park.jpg,document_817
Wombat-Narawntapu.jpg,document_818
Certified_Wombat_Faeces.jpg,document_819
Animaldentition_vombatusursinus.png,document_820
Wombat_burrow-Narawntapu.JPG,document_821
A235%2C_Ballarat_Wildlife_Park%2C_Ballarat%2C_Australia%2C_wombats%2C_2007.JPG,document_822
Fatso_at_Olympic_Park.jpg,document_823
Wombat_sculpture._Wombat_hill_daylesford.jpg,document_824
Wombat_sculpture_at_Wombat%2C_NSW.jpg,document_825
Thylacoleo_BW.jpg,document_826
Diprotodon_optatum_%282%29.jpg,document_827
TheCheethcat.jpg,document_828
Acinonyx_jubatus_subspecies_range_IUCN_2015.png,document_829
Felisjubatus.jpg,document_830
Cheetah_%28Kruger_National_Park%2C_South_Africa%2C_2001%29.jpg,document_831
Cheetah_in_the_shade_DVIDS147321.jpg,document_832
Mother_%26_Daughter_%2830717330985%29.jpg,document_833
Acinonyx_jubatus_%28white_background%29.jpg,document_834
Felis_concolor_-_1818-1842_-_Print_-_Iconographia_Zoologica_-_Special_Collections_University_of_Amsterdam_-%28white_background%29.jpg,document_835
Lydekker_-_Eyra_White_background.jpg,document_836
King_cheetah.jpg,document_837
Cheetah_portrait_Whipsnade_Zoo.jpg,document_838
Cheetah_Kruger.jpg,document_839
Gepardjagt1_%28Acinonyx_jubatus%29.jpg,document_840
Cheetah_%E2%80%9CAcinonyx_jubatus%E2%80%9D.jpg,document_841
Acinonyx_jubatus_47zz.jpg,document_842
Cheetah_%28Acinonyx_jubatus%29_female_2_cubs.jpg,document_843
Male_Cheetahs%2C_Maasai_Mara_%2843941746162%29.jpg,document_844
Acinonyx_jubatus_-Southern_Namibia-8.jpg,document_845
Cheetah_Brothers_AdF.jpg,document_846
Cheetah_with_cubs_%287513556524%29.jpg,document_847
Cheetah_chasing_Thompsons_gazelle_crop.jpg,document_848
Cheetah_with_impala.jpg,document_849
Dinner_for_all.jpg,document_850
A_Nighttime_Cheetah_Kill.jpg,document_851
Cheetah_%28Acinonyx_jubatus%29_cub.jpg,document_852
A_little_cheetah_lying_on_his_mom_A.jpg,document_853
Cheetah_Twins_Playing_%2810817164135%29.jpg,document_854
Gepard-Serengeti.jpg,document_855
Maharajah_Ramanuj_Pratap_Singh_Deo_with_cheetah_kill_1948_BNHS.jpg,document_856
CCF_Field_and_Research_Centre.jpg,document_857
Jairam_Ramesh_at_the_Cheetah_Outreach_Centre_near_Cape_Town%2C_during_his_visit_on_April_25%2C_2010%2C_to_discuss_cheetah_translocation_from_South_Africa_to_India.jpg,document_858
War_trophies_Deir_el_Bahari_Wellcome_L0027402.jpg,document_859
Cheetahs_nawab_oudh1844.jpg,document_860
STL_Cheetah.jpg,document_861
Titian_Bacchus_and_Ariadne.jpg,document_862
Fernand_Khnopff_002.jpg,document_863
Wapiti_from_Wagon_Trails.jpg,document_864
Okapi2.jpg,document_865
Cat03.jpg,document_866
Koala_climbing_tree.jpg,document_867
Koala_Range.jpg,document_868
Nimiokoala_Litokoala.JPG,document_869
Koala_skeleton1.jpg,document_870
Machoires_de_koala_avec_dents.png,document_871
Koala_eating.jpg,document_872
Phascolarctos_cinereus_Bonorong.jpg,document_873
A364%2C_Lone_Pine_Koala_Sanctuary%2C_Queensland%2C_Australia%2C_koala%2C_2007.png,document_874
Koala_Foetus_Almost_At_Birth.jpg,document_875
Koala_and_joey.jpg,document_876
Koalo.jpg,document_877
Phascolarctus_cinereus_2_Gould.jpg,document_878
Koala_souvenirs.JPG,document_879
Amy_and_Oliver_%285156253878%29.jpg,document_880
President_Obama_holding_a_koala_3.jpg,document_881
e6,document_882
Quokka_at_rottnest_%28cropped%29.jpg,document_883
Setonix_brachyurus_distribution.svg,document_884
Quokka_family.jpg,document_885
Quokka_Selfie.jpg,document_886
Commons-logo.svg,document_887
Wikispecies-logo.svg,document_888
Red_necked_wallaby444.jpg,document_889
Agile_Wallaby_family.jpg,document_890
Question_book-new.svg,document_891
Wallaby_joey_face_in_pouch.jpg,document_892
Wallabies-mother-and-son.jpg,document_893
Swamp-Wallaby-Feeding-2%2C-Vic%2C-Jan.2008.jpg,document_894
Three_Wallaby.jpeg,document_895
Dingo_walking.jpg,document_896
Dingo-Distribution-Fleming.png,document_897
Canis_lupus_dingo%2C_Fraser_Island.jpg,document_898
George_Stubbs%2C_A_portrait_of_a_large_Dog_from_New_Holland_%28Dingo%29%2C_1772.jpg,document_899
Dog_of_New_South_Wales.jpg,document_900
Map_of_Sunda_and_Sahul.png,document_901
Dingo_%28Canis_lupus_dingo%29_skeleton_at_the_Royal_Veterinary_College_anatomy_museum.JPG,document_902
Wolf_cranium_labelled.jpg,document_903
Dingoskull.jpg,document_904
The_Dingo_Finds_a_Dead_Fish.jpg,document_905
Nullarbor_Dingo.jpg,document_906
Dingowelpen_Berlin.JPG,document_907
Look_at_me_dad.jpg,document_908
Dingo_Fraser_Is.jpg,document_909
1208_To_Alice_Springs_-_Baby_Dingo.jpg,document_910
Wild_dog_distribution_2.png,document_911
Question_book-new.svg,document_912
Dogfence.jpg,document_913
1080PoisonWarning_gobeirne.png,document_914
Canis_lupus_dingo_2.jpg,document_915
Dingo_and_hybrid_distribution.jpg,document_916
Dingo_or_maybe_crossbreed.jpg,document_917
Okapi2.jpg,document_918
Short-beaked_echidna_in_ANBG.jpg,document_919
Onkapringa_River_NP_echidna_spines_P1000601.jpg,document_920
Echidna_skeleton.jpg,document_921
Long-beakedEchidna.jpg,document_922
EchidnainCanberra.JPG,document_923
Echidna%2C_Exmouth.jpg,document_924
Pseudotribos_BW.jpg,document_925
Steropodon_BW.jpg,document_926
Genera_mammalium_Ornithorhynchus_anatinus.jpg,document_927
Yanoconodon_BW.jpg,document_928
Repenomamus_BW.jpg,document_929
Volaticotherium.jpg,document_930
Cronopio.png,document_931
Eomaia_NT.jpg,document_932
Mosquito_2007-2.jpg,document_933
MOSQUITO.jpg,document_934
Question_book-new.svg,document_935
Wyeomyia_smithii_1.jpg,document_936
Mosquito_egg_SEM.jpg,document_937
Gelege1.jpg,document_938
Culex_restuans_larva_diagram_en.svg,document_939
Anopheles_larve.jpg,document_940
Comstock_Immature_Mosquito_IMG_6217.JPG,document_941
Culex_sp_larvae.png,document_942
Culex_pipiens_diagram_en.svg,document_943
Aedes_aegypti_E-A-Goeldi_1905.jpg,document_944
Aedes_aegypti.jpg,document_945
Chironius_scurrulus_%28Yasuni%29_%28cropped%29_with_mosquitoes.jpg,document_946
Anopheles_stephensi.jpeg,document_947
Mosquito_Tasmania_crop.jpg,document_948
Anopheles_albimanus_mosquito.jpg,document_949
Mosquitofish.jpg,document_950
Mosquit_finlandes.JPG,document_951
Winsor_McCay_%281912%29_How_a_Mosquito_Operates_still.jpg,document_952
Hyaenidae_Diversity.jpg,document_953
Hyaenidae_range.png,document_954
Aardwolf_Skeleton.jpg,document_955
Ictitherium_viverrinum.JPG,document_956
Stripedspottedhyenas.jpg,document_957
Crocuta_crocuta.jpg,document_958
The_life_of_animals_%28Colored_Plate_4%29_%28proteles_cristatus%29.jpg,document_959
Hyaena_striata_-_1818-1842_-_Print_-_Iconographia_Zoologica_-_Special_Collections_University_of_Amsterdam_-%28white_background%29.jpg,document_960
Hyaena_fusca_%28white_background%29.jpg,document_961
Pachycrocuta_brevirostris_restoration.jpg,document_962
Adcrocuta_eximia_restoration.jpg,document_963
Hyaena_maculata_-_1818-1842_-_Print_-_Iconographia_Zoologica_-_Special_Collections_University_of_Amsterdam_-%28white_background%29.jpg,document_964
StripedHyenaSkull.jpg,document_965
Aardwolfskull.jpg,document_966
2667_Spotted_Hyena_Cubs.JPG,document_967
Parahyaena_brunnea_puppy.jpg,document_968
20%2C000_Year_Old_Cave_Paintings_Hyena.png,document_969
Hyenamosaic.jpg,document_970
Hyena_attack_%281842_woodcut%29.jpg,document_971
Bodleian_Libraries%2C_Handbill_of_Merchant%27s_Hall%2C_1739%2C_announcing_A_lion%2C_lionesses%2C_tigers%2C_etc..jpg,document_972
Emu_1_-_Tidbinbilla.jpg,document_973
Dromaius_novaehollandiae_map_distribution_2.svg,document_974
Emu_skeleton.jpg,document_975
Dromaius_novaehollandiae_-zoo_-two_feet.jpg,document_976
Dromaius_novaehollandiae_%28head%29_Battersea_Park_Children%27s_Zoo.jpg,document_977
Emu_size.png,document_978
Emu-wild.jpg,document_979
Pinnacles_040116_gnangarra-102.jpg,document_980
Emus_bathing_Feb09.jpg,document_981
Emus._Western_NSW%2C_1976.jpg,document_982
Emu_Egg.JPG,document_983
Emu_Gelege.jpg,document_984
Baby_Emu.jpg,document_985
John_Gould_Emu.jpg,document_986
Stalking_emu%2C_ca._1885%2C_attributed_to_Tommy_McRae.jpg,document_987
Emu_caller.jpg,document_988
Feeding_farmed_Emu.jpg,document_989
Baudin_emus.jpg,document_990
Engraved_Emu_egg.jpg,document_991
Emu_public.jpg,document_992
Coat_of_Arms_of_Australia.svg,document_993
Australianstamp_1505.jpg,document_994
Tasmanian_Emu.jpg,document_995
Spiders_Diversity.jpg,document_996
Palystes_castaneus_female_dorsum_numbered.jpg,document_997
Palystes_superciliosus_female_ventral_annotation_numbers.JPG,document_998
Spider_internal_anatomy-en.svg,document_999
Fly_captured_by_spider_in_web.jpg,document_1000
Cheiracanthium_punctorium_frei_1_17_Forst_Jungfernhdeide_Jg_46_070920.jpg,document_1001
Clynotis_severus%2C_AF_2.jpg,document_1002
Plexippus_paykulli_-_50959617953.jpg,document_1003
Aranna_pata.svg,document_1004
Australian_orb_weaver_spinning_web.jpg,document_1005
Spider_fertilization_systems_-_haplogyne.svg,document_1006
Spider_fertilization_systems_-_entelegyne.svg,document_1007
DirkvdM_Nephila_clavipes.jpg,document_1008
Orange_spider_egg_sac.jpg,document_1009
Gasteracantha_mammosa_spiderlings_next_to_their_eggs_capsule.jpg,document_1010
Lycosidae_female_carrying_young.jpg,document_1011
Theraphosa_blondi_MHNT.jpg,document_1012
A_garden_spider_in_Chennai.JPG,document_1013
Crabspider_with_prey.jpg,document_1014
Spider_house_leaf.jpg,document_1015
Cyclocosmia_sp._in_burrow_%28Marshal_Hedin%29.jpg,document_1016
Portia.fimbriata.female.in.its.web.-.tanikawa.jpg,document_1017
Ant_Mimic_Spider.jpg,document_1018
Atrax_robustus.jpg,document_1019
Araneus_diadematus_web_1.jpg,document_1020
NephilaClavata-2005Kurihara.jpg,document_1021
Agelenidae_labyrinthica.JPG,document_1022
Spider_in_amber_%281%29.jpg,document_1023
Pycnogonida_Nymphon_s_Sars_%28white_background%29.png,document_1024
FMIB_51225_Horse-Shoe_Crab%2C_Limulus_Polyphemus%2C_Latreille_%28cropped%29.jpeg,document_1025
Hibbertopterus_scouleri.jpg,document_1026
Trombidium_holosericeum_%28white_background%29.jpg,document_1027
Chaerilus_pseudoconchiformus_male_%28cropped%29.jpg,document_1028
Damon_johnstoni_%E2%80%93_Lydekker%2C_1879.png,document_1029
Ryuthela.sasakii.female.-.takinawa.jpg,document_1030
Brachypelma_smithi_2009_G09.jpg,document_1031
Leucauge_venusta_Kaldari_01.jpg,document_1032
Fried_spiders_Skuon_Cambodia.jpg,document_1033
Ara%C3%B1amuseolarco.jpg,document_1034
Cercophonius_squama.jpg,document_1035
PlatycryptusUndatusFemale.jpg,document_1036
Plains_Zebra_Equus_quagga.jpg,document_1037
Zebra_range.png,document_1038
Quagga_photo.jpg,document_1039
The_book_of_the_animal_kingdom_%28Plate_XVII%29_%28white_background%29.jpg,document_1040
NIE_1905_Horse_-_Burchell%27s_zebra.jpg,document_1041
Equus_grevyi_%28white_background%29.png,document_1042
Equus_hemionus_-_1700-1880_-_Print_-_Iconographia_Zoologica_-_Special_Collections_University_of_Amsterdam_-_%28white_background%29.jpg,document_1043
H%C3%A9mippe_%28white_background%29.jpg,document_1044
%C3%82ne_d%27Ethiopie_%28white_background%29.jpg,document_1045
NIEdot332_white_background_2.jpg,document_1046
The_Soviet_Union_1959_CPA_2325_stamp_%28Przewalski%27s_Horse%29_white_background.jpg,document_1047
Grevy%27s_Zebra_Stallion.jpg,document_1048
Equus_quagga_burchellii_-_Etosha%2C_2014.jpg,document_1049
Equus_zebra_hartmannae_-_Etosha_2015.jpg,document_1050
Equus_mauritanicus.JPG,document_1051
Evolution_and_animal_life%3B_an_elementary_discussion_of_facts%2C_processes%2C_laws_and_theories_relating_to_the_life_and_evolution_of_animals_%281907%29_%2814586585048%29.jpg,document_1052
Equus_grevyi_01.JPG,document_1053
Zebra_species_%28ENG%29.png,document_1054
Mountain_zebra_stripes.jpg,document_1055
Journal.pone.0210831.g001.png,document_1056
Dust_bathing_mountain_zebra%2C_Namibia.jpg,document_1057
Cebras_de_Burchell_%28Equus_quagga_burchellii%29%2C_vista_a%C3%A9rea_del_delta_del_Okavango%2C_Botsuana%2C_2018-08-01%2C_DD_30.jpg,document_1058
Zebra_Botswana_edit02.jpg,document_1059
Grevy%27s_zebra_group.jpg,document_1060
Cape_Mountain_Zebras_%28Equus_zebra_zebra%29_quarrelling_..._%2831709894344%29.jpg,document_1061
Equus_quagga_%28185908025%29.jpg,document_1062
Gr%C3%A9vy%27s_Zebra_mating.jpg,document_1063
Cape_Mountain_Zebras_%28Equus_zebra%29_mare_and_foal_suckling_..._%2831281408687%29.jpg,document_1064
Brandberg-Peintures_rupestres_San_%284%29.jpg,document_1065
Zebra_Stripes_Glen_Raven_1908.jpg,document_1066
George_Stubbs_-_Zebra_-_Google_Art_Project.jpg,document_1067
WalterRothschildWithZebras.jpg,document_1068
Equus_zebra_hartmannae_fur_skin.jpg,document_1069
Samburu_Grevy%27s_zebra.jpg,document_1070
Struthio_Diversity.jpg,document_1071
Struthio_camelus_MHNT.ZOO.2010.11.1.1.jpg,document_1072
Ostrich_%26_chicken_egg_comparison.jpg,document_1073
Ostrich_with_eggs.jpg,document_1074
Somali_ostrich.jpg,document_1075
Struthio_camelus_-_Etosha_2014_%281%29_white_background.jpg,document_1076
Aepyornis_white_background.jpg,document_1077
Euryapteryx.jpg,document_1078
Slender-horned_gazelle_%28Cincinnati_Zoo%29.jpg,document_1079
Mosaic_of_a_gazelle_Ceasarea_israel.jpg,document_1080
Arabian_Gazelle.jpg,document_1081
Cuvier%27s_Gazelle.jpg,document_1082
Gazella_dorcas%2C_Israel.jpg,document_1083
Gazella_subgutturosa_2018.jpg,document_1084
Sand_gazelle_%28gazella_subgutturosa_marica%29.jpg,document_1085
Chinkara.jpg,document_1086
Gazella_gazella.jpg,document_1087
Speke%27s_Gazelle_-_Gazella_spekei.jpg,document_1088
Eudorcas_albonotata_head.jpg,document_1089
Gazella_rufifrons_AB.jpg,document_1090
Eudorcas_rufina.jpg,document_1091
Eat228.jpg,document_1092
MhorrGazelleza.jpg,document_1093
Ngorongoro_Grant-Gazelle.jpg,document_1094
Soemmerring%27s_Gazelle%2C_St._Louis_Zoo.jpg,document_1095
Grants_Gazelle_Gazella_granti_in_Tanzania_2645_Nevit.jpg,document_1096
Gazella_dama_mhorr_2.jpg,document_1097
Gazella_thomsonii_-_Disney%27s_Animal_Kingdom_Lodge%2C_Orlando%2C_Florida%2C_USA_-_20100916.jpg,document_1098
Gazella_spekei_%28Speke%27s_Gazelle%29.jpg,document_1099
Group_of_Gazella_subgutturosa.JPG,document_1100
Gazella-dorcas.jpg,document_1101
GazellaSoemmerringiWolf.jpg,document_1102
Granada_Alhambra_gazelle_Poterie_9019.JPG,document_1103
Wikiquote-logo.svg,document_1104
2014-06-20_Vulpes_vulpes_vulpes%2C_B%C3%B6nhamn%2C_V%C3%A4sternorrlands_L%C3%A4n%2C_Sverige_1.jpg,document_1105
Vulpes_vulpes_%26_Urocyon_cinereoargenteus_skulls_%26_mandibles.jpg,document_1106
FoxSkelLyd1.png,document_1107
Alopex_lagopus_coiled_up_in_snow.jpg,document_1108
Canis_simensis.jpg,document_1109
Cerdocyon_thous_MG_9503.jpg,document_1110
FalklandIslandFox2.jpg,document_1111
Fox_pan_de_azucar.JPG,document_1112
Bat_eared_fox_Kenya_crop.jpg,document_1113
Urocyon_littoralis_full_figure.jpg,document_1114
Fennec_Fox.jpg,document_1115
R%C3%A4v_vid_Revhusen_i_Ystad_-_Juli_2012..jpg,document_1116
Urocyon_littoralis_pair.jpg,document_1117
Sunny_Fox.jpg,document_1118
Foxes_are_not_welcome_in_Carbunup.jpg,document_1119
A_tame_fox_cub_at_home_with_Mr_and_Mrs_Gordon_Jones%2C_Talysarn_%284478261667%29.jpg,document_1120
Gilt_silver_plate_in_shape_of_two_peaches.jpg,document_1121
Wikisource-logo.svg,document_1122
Pinniped_collage.jpg,document_1123
Pinniped_range.jpg,document_1124
Puijila_BW.jpg,document_1125
Enaliarctos_mealsi.JPG,document_1126
Piscophoca.jpg,document_1127
Archaeodobenus_restoration.PNG,document_1128
Zalophus_californianus_01.JPG,document_1129
Mirounga_leonina_01.jpg,document_1130
Southern_Sea_Lions.jpg,document_1131
Pinniped_underwater.jpg,document_1132
Bigmalesealion.jpg,document_1133
Reflection_in_a_seal_eye.jpg,document_1134
Fur_Seal_at_Cape_Cross%2C_Namibia_%283045707919%29.jpg,document_1135
Walrus_-_Kamogawa_Seaworld_-_1.jpg,document_1136
Weddell_seal_swims_underwater_in_McMurdo_Sound_%28Image_3%29.jpg,document_1137
N_elephant_seal_resting.JPG,document_1138
Noaa-walrus22.jpg,document_1139
Phoca_vitulina_%28Habor_Seal%29%2C_Point_Lobos%2C_CA%2C_US_-_Diliff.jpg,document_1140
Sea_lion_and_Sturgeon.jpg,document_1141
Fish8426_-_Flickr_-_NOAA_Photo_Library.jpg,document_1142
Killer_Whale_Tipe_B.jpg,document_1143
16_Walross_2001.jpg,document_1144
Callorhinus_ursinus_and_harem.jpg,document_1145
Northern_elephant_seal_combats.jpg,document_1146
Harp_seal_mother_and_pup.jpg,document_1147
Fur_seals_at_south_georgia.jpg,document_1148
Noaa-walrus12.jpg,document_1149
Zalophus_californianus_-Blackpool_Zoo%2C_Lancashire%2C_England_-female-8a.jpg,document_1150
Alaska_Robbenfiguren_1876_Linden-Museum.jpg,document_1151
Kobe_oji_zoo_2009_April_22.jpg,document_1152
Killing_fur_seals%2C_St_Paul_Island.jpg,document_1153
FoA_protest.jpg,document_1154
Depka.jpg,document_1155
Kolponomos_NT.jpg,document_1156
Acrophoca_BW.jpg,document_1157
Gomphotaria_pugnax_life_restoration.jpg,document_1158
Killerwhales_jumping.jpg,document_1159
Orca_size-2.svg,document_1160
Cypron-Range_Orcinus_orca.svg,document_1161
Orcinus_citoniensis.JPG,document_1162
Naturalis_Biodiversity_Center_-_Museum_-_Workshop_-_Lecture_hall%2C_killer_whale_skeleton_suspended_from_ceiling2.jpg,document_1163
Type_C_Orcas.jpg,document_1164
Killer_Whale_Types.jpg,document_1165
Orca_wal_3.jpg,document_1166
Orca_internal_anatomy.svg,document_1167
Orca_porpoising.jpg,document_1168
091201_south_georgia_orca_5127_%284173388802%29.jpg,document_1169
Orcinus_orca_%28Vestfjord%29.jpg,document_1170
Orca_pod_southern_residents.jpg,document_1171
Killer_Whale_chasing_Chinook.jpg,document_1172
KW_attack_STBW.jpg,document_1173
Orcas_in_Punta_Norte_Valdes_Peninsula_-_panoramio.jpg,document_1174
Killer_Whales_Hunting_a_Crabeater_Seal.jpg,document_1175
Orca_2.jpg,document_1176
Transient_Orcas_%283727711709%29.jpg,document_1177
Orca_with_iceball_cropped.JPG,document_1178
091201_south_georgia_orca_5227_%284173390858%29.jpg,document_1179
TypeC_orca_cape.JPG,document_1180
Orca_mother_calf.JPG,document_1181
Killer_Whale_by_Bill_Reid.jpg,document_1182
Whale_of_Greifswald_from_rear.JPG,document_1183
A73_whale_transport.jpg,document_1184
Killer_Whale_%28Old_Tom%29_and_whalers.jpeg,document_1185
Miamiseaquariumlolita.jpg,document_1186
Okapi2.jpg,document_1187
Waves_in_pacifica_1.jpg,document_1188
Monotreme_collage.jpg,document_1189
Platypus.jpg,document_1190
Long-beakedEchidna.jpg,document_1191
Monotreme_Egg_Diagram.svg,document_1192
Monotreme_reproductive_organs.png,document_1193
Male_Platypus_Reproductive_System.svg,document_1194
Steropodon_model_aus.jpg,document_1195
Steropodon_jaw.jpg,document_1196
Pseudotribos_BW.jpg,document_1197
Steropodon_BW.jpg,document_1198
Genera_mammalium_Ornithorhynchus_anatinus.jpg,document_1199
Yanoconodon_BW.jpg,document_1200
Repenomamus_BW.jpg,document_1201
Volaticotherium.jpg,document_1202
Cronopio.png,document_1203
Eomaia_NT.jpg,document_1204
Chicken_egg_2009-06-04.jpg,document_1205
Bat_range.png,document_1206
Batfossil.jpg,document_1207
Cynocephalus_doguera_-_1700-1880_-_Print_-_Iconographia_Zoologica_-_Special_Collections_University_of_Amsterdam_-_%28white_background%29.tiff,document_1208
Mole_white_background.jpg,document_1209
Flying_fox_at_botanical_gardens_in_Sydney_%28cropped_and_flipped%29.jpg,document_1210
FMIB_46859_Pangolin_a_grosse_queue_white_background.jpeg,document_1211
Hyaena_striata_-_1818-1842_-_Print_-_Iconographia_Zoologica_-_Special_Collections_University_of_Amsterdam_-%28white_background%29.jpg,document_1212
Zalophus_californianus_J._Smit_%28white_background%29.jpg,document_1213
Equus_quagga_%28white_background%29.jpg,document_1214
Walia_ibex_illustration_white_background.png,document_1215
Megaptera_novaeangliae_NOAA.jpg,document_1216
Mariana_Fruit_Bat.jpg,document_1217
Megaderma_spasma.jpg,document_1218
Craseonycteris_thonglongyai.png,document_1219
Rhinopoma_microphyllum.jpg,document_1220
Commerson%27s_leaf-nosed_bats_hipposideros_commersoni.jpg,document_1221
Rhinolophus_rouxii.jpg,document_1222
Miniopterus_schreibersii_dasythrix.jpg,document_1223
Captive_Noctilio_leporinus.jpg,document_1224
Pteronotus_parnellii.jpg,document_1225
MystacinaTuberculataFord.jpg,document_1226
Furipterus_horrens.jpg,document_1227
Mormoops_megalophylla.JPG,document_1228
Desmodus_rotundus_A_Catenazzi.jpg,document_1229
Mormopterus_beccarii_astrolabiensis_1.jpg,document_1230
Emballonura_semicaudata%2C_Ovalau_Island_-_Joanne_Malotaux_%2822057146275%29.jpg,document_1231
Mauritian_Tomb_Bat.jpg,document_1232
Chilonatalus_micropus.png,document_1233
Barbastella_barbastellus_01-cropped.jpg,document_1234
Golden_crowned_fruit_bat.jpg,document_1235
Haeckel_Chiroptera.jpg,document_1236
Pteropus_niger_three.jpeg,document_1237
Mouse-Tailed_Bat.jpg,document_1238
Greater_False_Vampire_Bat_%28Megaderma_lyra%29.jpg,document_1239
Rhinonicteris_aurantia.jpg,document_1240
Bat_in_a_Cave.jpg,document_1241
Bat%2820070605%29.jpg,document_1242
Common_Slit-faced_Bat_%28Nycteris_thebaica%29_%287027172215%29.jpg,document_1243
Emballonura_semicaudata.jpg,document_1244
Myzopoda_Myzopodidae.jpg,document_1245
Southern_short-tailed_bats%2C_Mystacina_tuberculata.jpg,document_1246
Thyroptera_discifera.jpg,document_1247
Phyllostomus_discolor_b.jpg,document_1248
Natalus_stramineus.jpg,document_1249
Southern_bentwing_bat.jpg,document_1250
Vespertilio_murinus_2.jpg,document_1251
Horniman_fruit_bat_skin_skeleton.jpg,document_1252
Big-eared-townsend-fledermaus.jpg,document_1253
Group_flying_dogs_hanging_in_tree_Sri_Lanka.JPG,document_1254
Flying_fox_at_botanical_gardens_in_Sydney_%28cropped%29.jpg,document_1255
Animal_echolocation.svg,document_1256
Bertholdiatrigona.jpg,document_1257
Wiki_bat.jpg,document_1258
Tri-colored_bat_in_torpor.JPG,document_1259
Common_tent-making_bats.JPG,document_1260
Choeronycteris_mexicana%2C_Mexican_long-tongued_bat_%287371567444%29.jpg,document_1261
Rousettus_aegyptiacus.jpg,document_1262
GreaterNoctule.JPG,document_1263
Desmo-boden_%28cropped%29.jpg,document_1264
Little_Brown_Bat_with_White_Nose_Syndrome_%28Greeley_Mine%2C_cropped%29.jpg,document_1265
Journal.pone.0006746.g001.png,document_1266
Desmo-kolonie-baum.tif,document_1267
Pipistrellus_pipistrellus_baby.jpg,document_1268
The_Bat_Scientists_Lauri_Lutsar.jpg,document_1269
Francisco_Jos%C3%A9_de_Goya_y_Lucientes_-_The_sleep_of_reason_produces_monsters_%28No._43%29%2C_from_Los_Caprichos_-_Google_Art_Project.jpg,document_1270
Bat_god%2C_Zapotec%2C_Period_III-A_-_Mesoamerican_objects_in_the_American_Museum_of_Natural_History_-_DSC06023.JPG,document_1271
07._Camel_Profile%2C_near_Silverton%2C_NSW%2C_07.07.2007.jpg,document_1272
Bactrian_Camel.jpg,document_1273
Camel_world_population.png,document_1274
2011_Trampeltier_1528.JPG,document_1275
Domestic_Dromedary_Merzouga.jpg,document_1276
Wild_Bactrian_camel_on_road_east_of_Yarkand.jpg,document_1277
Camel_portrait.jpg,document_1278
Eylcamel.jpg,document_1279
Camels_in_Dubai_2.jpg,document_1280
Camel_skull.jpg,document_1281
Stenomylus.jpg,document_1282
NMNH-USNMV16601Stenomylus.tif,document_1283
NMNH-USNMV15917Poebrotherium.jpg,document_1284
NMNH-USNM244271_2.jpg,document_1285
Tomb_figurine_of_a_camel%2C_China%2C_Tang_dynasty%2C_618-906_AD%2C_glazed_earthenware_-_%C3%96stasiatiska_museet%2C_Stockholm_-_DSC09593.JPG,document_1286
Camello_Guimet_01.JPG,document_1287
Tang_Pottery_Camel_%26_Nursing_Woman.jpg,document_1288
Camel_cart.JPG,document_1289
A_camel_with_its_rider_playing_kettle_drums..jpg,document_1290
Negev_camel_petroglyph.jpg,document_1291
Bartholomeus_Breenbergh_002.jpg,document_1292
BSF-Republic_day.jpeg,document_1293
Camel_corps_at_Magdhaba.jpg,document_1294
Camels_on_the_way_to_Catalca%2C_1912.jpg,document_1295
Khan_al-Lajjun.jpg,document_1296
Camelcalf-feeding.jpg,document_1297
Somalicamelmeat.jpg,document_1298
Cholistani_Camel_Meat_Pulao.JPG,document_1299
Shadda_%28detail%29%2C_Karabagh_region%2C_southwest_Caucasus.jpeg,document_1300
Vessel_in_the_Form_of_a_Recumbent_Camel_with_Jugs%2C_2015.65.15.jpg,document_1301
Brooklyn_Museum_-_Maru_Ragini_%28Dhola_and_Maru_riding_on_a_Camel%29.jpg,document_1302
Brooklyn_Museum_-_The_Magi_Journeying_%28Les_rois_mages_en_voyage%29_-_James_Tissot_-_overall.jpg,document_1303
KiplingCamel3.gif,document_1304
GueltaCamels.jpg,document_1305
800px-2003camel.PNG,document_1306
Wapiti_from_Wagon_Trails.jpg,document_1307
FoodMeat.jpg,document_1308
Plateau_van_zeevruchten.jpg,document_1309
Foodlogo2.svg,document_1310
Sucking_leech.jpg,document_1311
Europ%C3%A4ischer-Platt-Egel_cropped.jpg,document_1312
Haemadipsa_zeylanica_japonica.jpg,document_1313
Parasite180056-fig1_Placobdelloides_siamensis_%28Glossiphoniidae%29.png,document_1314
Nereis_pelagica.jpg,document_1315
%E0%AE%AE%E0%AE%A3%E0%AF%8D%E0%AE%AA%E0%AF%81%E0%AE%B4%E0%AF%81.jpg,document_1316
Lumbriculidae_unknown_species_%28cropped%29.jpg,document_1317
Signal_crayfish_branchiobdellid_crop_2.jpg,document_1318
Acanthobdella_001_%28detail%29.png,document_1319
ErpobdellaOctoculata_wwalas_01.JPG,document_1320
Sv%C3%B8mmende_blodigle.JPG,document_1321
Parasite180056-fig5A_Placobdelloides_siamensis_%28Glossiphoniidae%29.png,document_1322
CystobranchusRespiransRutilusRutilus.JPG,document_1323
Ozobranchus_jantseanus_cropped.jpg,document_1324
Probable_leech_from_the_Waukesha_Biota.jpg,document_1325
Leech_anatomy_in_cross-section.svg,document_1326
Leach_bite_site.jpg,document_1327
Egel_als_Schneckenparasit_04.JPG,document_1328
Leech_looping_locomotion.jpg,document_1329
Leech_Removal.JPG,document_1330
Leech_Finders_Costume_of_Yorkshire_1814.jpg,document_1331
Pharmacy_leech_jar%2C_England%2C_1830-1870_Wellcome_L0058506.jpg,document_1332
Three_leeches_in_the_role_of_physicians_attend_a_grasshopper_in_the_role_of_the_patient_and_announce_a_course_of_bloodletting_Wellcome_V0011722.jpg,document_1333
Commons-logo.svg,document_1334
Wikispecies-logo.svg,document_1335
Wiktionary-logo-en-v2.svg,document_1336
Marsupialia.jpg,document_1337
Marsupial_biogeography_present_day_-_dymaxion_map.png,document_1338
A_hand-book_to_the_marsupialia_and_monotremata_%28Plate_XXXII%29_%28white_background%29.jpg,document_1339
Phylogenetic_tree_of_marsupials_derived_from_retroposon_data_%28Paucituberculata%29.png,document_1340
A_monograph_of_the_Macropodid%C3%A6%2C_or_family_of_kangaroos_%289398404841%29_white_background.jpg,document_1341
Phylogenetic_tree_of_marsupials_derived_from_retroposon_data_%28Notoryctemorphia%29.png,document_1342
Phylogenetic_tree_of_marsupials_derived_from_retroposon_data_%28Dasyuromorphia%29.png,document_1343
Phylogenetic_tree_of_marsupials_derived_from_retroposon_data_%28Paramelemorphia%29.png,document_1344
Koala_climbing_tree.jpg,document_1345
SugarGlider_CincinnatiZoo.jpg,document_1346
Southern_Flying_Squirrel-27527-1.jpg,document_1347
Kangaroo_and_joey03.jpg,document_1348
The_cyclop%C3%A6dia_of_anatomy_and_physiology_%281847%29_%2820821803985%29.jpg,document_1349
Cambridge_Natural_History_Mammalia_Fig_048.png,document_1350
Child_holding_rescued_Agile_Wallaby_joey._Cooktown._2008.jpg,document_1351
Djarthia_murgonensis.jpg,document_1352
Animaldentition_macropusgiganteus.png,document_1353
Phylogenetic_tree_of_marsupials_derived_from_retroposon_data_-_journal.pbio.1000436.g002.png,document_1354
Okapi2.jpg,document_1355
Didelphodon_NT_small.jpg,document_1356
Alphadon_sp._-_MUSE.jpg,document_1357
Herpetotherium_NT.jpg,document_1358
Thylacosmilus_NT_small.jpg,document_1359
Corvus_corone_-near_Canford_Cliffs%2C_Poole%2C_England-8.jpg,document_1360
DAB_list_gray.svg,document_1361
Jelly_cc11.jpg,document_1362
Sea_Nettle_Jelly_1.jpg,document_1363
LightRefractsOf_comb-rows_of_ctenophore_Mertensia_ovum.jpg,document_1364
Cauliflour_Jellyfish%2C_Cephea_cephea_at_Marsa_Shouna%2C_Red_Sea%2C_Egypt_SCUBA.jpg,document_1365
Thalia_democratica.jpg,document_1366
Haliclystus_stejnegeri_1.jpg,document_1367
Carybdea_marsupialis_screenshot_6.png,document_1368
Phyllorhiza_punctata_macro_II.jpg,document_1369
Nausithoe_aurea.jpg,document_1370
Hydra-Foto.jpg,document_1371
Portuguese_Man-O-War_%28Physalia_physalis%29.jpg,document_1372
Aequorea3.jpeg,document_1373
Red-paper-lantern-jellyfish-Karen-Osborn-Smithsonian-Institution.png,document_1374
Olindias_formosa1.jpg,document_1375
Expl0393_-_Flickr_-_NOAA_Photo_Library.jpg,document_1376
A_guide_to_the_fossil_invertebrate_animals_in_the_Department_of_geology_and_palaeontology_in_the_British_museum_%28Natural_history%29_%281907%29_%2814799088733%29.jpg,document_1377
Stranded_Cambrian_scyphozoans.jpg,document_1378
Conularia_milwaukeensis.jpg,document_1379
Cross_section_Olindias_formosa_en.svg,document_1380
Anatomy_of_a_jellyfish-en.svg,document_1381
Nematocyst_discharge.png,document_1382
Largelionsmanejellyfish.jpg,document_1383
Schleiden-meduse-2.jpg,document_1384
Jellyfish_locomotion.svg,document_1385
Jellyfish_population_trends_by_LME.jpg,document_1386
Aurelia_aurita_%28auge24eu%29.jpg,document_1387
Common_jellyfish_swimming_close_to_shore.jpg,document_1388
Jellyfish_production_time_series.png,document_1389
CantoneseJellyfish.jpg,document_1390
PDB_1ema_EBI.jpg,document_1391
Jellyfish_aqurium.jpg,document_1392
Irukandji-jellyfish-queensland-australia.jpg,document_1393
Jellyfish_dermatitis_case1_abdominal_skin_lateral.jpg,document_1394
Reptile003d.jpg,document_1395
MosasaurDiscovery.jpg,document_1396
Captorhinus_aguti_p.jpg,document_1397
Varanodon1DB.jpg,document_1398
Bearded_Dragon_Skeleton.jpg,document_1399
Rattus_norvegicus_%28white_background%29.png,document_1400
Milleretta_BW_flipped.jpg,document_1401
Lanthanosuchus_NT_flipped.jpg,document_1402
Sclerosaurus1DB.jpg,document_1403
Scutosaurus_BW_flipped.jpg,document_1404
Labidosaurus_flipped.jpg,document_1405
Spinoaequalis_schultzei_reconstruction.jpg,document_1406
Claudiosaurus_white_background.jpg,document_1407
Hovasaurus_BW_flipped.jpg,document_1408
Icarosaurus_white_background.jpg,document_1409
Hatteria_white_background.jpg,document_1410
British_reptiles%2C_amphibians%2C_and_fresh-water_fishes_%281920%29_%28Lacerta_agilis%29.jpg,document_1411
Python_natalensis_Smith_1840_white_background.jpg,document_1412
Hyphalosaurus_mmartyniuk_wiki.png,document_1413
Prolacerta_broomi.jpg,document_1414
Trilophosaurus_buettneri_%28flipped%29.jpg,document_1415
Hyperodapedon_BW2_white_background.jpg,document_1416
Deinosuchus_riograndensis.png,document_1417
Meyers_grosses_Konversations-Lexikon_-_ein_Nachschlagewerk_des_allgemeinen_Wissens_%281908%29_%28Antwerpener_Breiftaube%29.jpg,document_1418
Dolichorhynchops_BW_flipped.jpg,document_1419
Psephoderma_BW_flipped.jpg,document_1420
Erp%C3%A9tologie_g%C3%A9n%C3%A9rale%2C_ou%2C_Histoire_naturelle_compl%C3%A8te_des_reptiles_%28Centrochelys_sulcata%29.jpg,document_1421
Hylonomus_BW.jpg,document_1422
Europasaurus_holgeri_Scene_2.jpg,document_1423
Skull_comparison.png,document_1424
Varanus_priscus_Melbourne_Museum.jpg,document_1425
Champsosaurus_natator.jpg,document_1426
Wiki_varano.jpg,document_1427
Bisected_Iguana_Heart_Image.png,document_1428
Homeothermy-poikilothermy.png,document_1429
Tortue_de_Floride_Amiens.jpg,document_1430
Lacertae_skin.jpg,document_1431
PikiWiki_Israel_37648_Nature_and_Colors.jpg,document_1432
PSM_V53_D226_Silicious_pebbles_from_the_stomach_of_a_plesiosaur.jpg,document_1433
Crocodile_Egg_Diagram.svg,document_1434
Hemidactylus_frenatus_mating%2C_ventral_view.jpg,document_1435
Trachylepis_maculilabris_mating.jpg,document_1436
Tortoise-Hatchling.jpg,document_1437
Phelsuma_dubia_edit1.jpg,document_1438
White-headed_dwarf_gecko.jpg,document_1439
Laelaps-Charles_Knight-1897.jpg,document_1440
Rod_of_Asclepius2.svg,document_1441
Lizardicon.svg,document_1442
Wikispecies-logo.svg,document_1443
Wikibooks-logo-en-noslogan.svg,document_1444
Pteroplax_DB.jpg,document_1445
Bystrowiana_permira1DB.jpg,document_1446
Gefyrostegus22DB.jpg,document_1447
Seymouria2.jpg,document_1448
Solenodonsaurus1DB.jpg,document_1449
Diadectes1DB.jpg,document_1450
Donkey_in_Clovelly%2C_North_Devon%2C_England.jpg,document_1451
Feral_population_and_distribution_worldwide.png,document_1452
Maler_der_Grabkammer_des_Panehsi_001.jpg,document_1453
Baudet.jpg,document_1454
Equus_asinus_Kadzid%C5%82owo_001.jpg,document_1455
Skegness4web.jpg,document_1456
104_Donkeys_in_Tayrona_Park_Colombia.JPG,document_1457
Esel_auf_Ydra.jpg,document_1458
Uyghur_man_on_his_donkey_cart._Kashgar.jpg,document_1459
Henderson_and_the_donkey.jpg,document_1460
Donkey_shoe.jpg,document_1461
Cyprian_Farriers_%281900%29_-_TIMEA.jpg,document_1462
Wild_Burros.jpg,document_1463
Wikisource-logo.svg,document_1464
Toledo_man_oxen_3c08654v_%28cropped%29.jpg,document_1465
Brown-Falcon%2C-Vic%2C-3.1.2008.jpg,document_1466
FalconHeadBeak.png,document_1467
Madagascar_Kestrel_RWD.jpg,document_1468
Falco_araea_Seychelles_Kestrel_side_views_%28cropped%29.jpg,document_1469
Falco_punctatus.jpg,document_1470
Spotted_kestrel_flying_%2816862666012%29.jpg,document_1471
Nankeen_Kestrel_-_Bimbi.jpg,document_1472
Common_kestrel_falco_tinnunculus.jpg,document_1473
Rock_Kestrel_%28Falco_rupicolus%29%2C_Mountain_Zebra_NP%2C_South_Africa.jpg,document_1474
Hi_There_%2841472582%29.jpeg,document_1475
Falco_alcopex.jpg,document_1476
Falco_naumanni%2C_Israel_02.jpg,document_1477
Grey_Kestrel_%28Falco_ardosiaceus%29_%286861327565%29.jpg,document_1478
Dickinson%27s_Kestrel_%28Falco_dickinsoni%29_%2823164736424%29.jpg,document_1479
Cerchneis_zoniventris.jpg,document_1480
Red-Necked_Falcon.JPG,document_1481
Red-footed_Falcon.jpg,document_1482
Amur_falcon%2C_Falco_amurensis%2C_male_at_Eendracht_Road%2C_Suikerbosrand%2C_Gauteng%2C_South_Africa_%2825817217862%29.jpg,document_1483
Eleonorenfalke1.jpg,document_1484
Sooty_Falcon%2C_All%C3%A9e_des_Baobabs_near_Morondava%2C_Madagascar.jpg,document_1485
AmericanKestrel02.jpg,document_1486
Falc%C3%A3o_De_Coleira_Aplomado_Falcon_Falco_Femoralis_%2845602460%29.jpeg,document_1487
Falco_columbarius_PP.jpg,document_1488
OFalco_rufigularis_Bat_Falcon_%28cropped%29.jpg,document_1489
Falco_deiroleucus_-_Orange-breasted_Falcon.JPG,document_1490
Hobby_-_Falco_subbuteo.jpg,document_1491
African_Hobby_bwindi_jan06_%28cropped%29.jpg,document_1492
Oriental_Hobby_-_Falco_severus_-_Falco_%282526569907%29.jpg,document_1493
Australian_Hobby_Pikedale_Jul02.JPG,document_1494
Nz_falcon.JPG,document_1495
Brown_falcon.jpg,document_1496
Grey_Falcon_%281%29_-_Christopher_Watson_%28cropped%29.jpg,document_1497
Falco_subniger.jpg,document_1498
Falco_biarmicus02.png,document_1499
Laggar_Falcon_adult_male.jpg,document_1500
Saker_Falcon_RWD2.jpg,document_1501
Gyr_falcon_-_Falco_rusticolus_-_F%C3%A1lki_2.jpg,document_1502
Falco_mexicanus_-San_Luis_Obispo%2C_California%2C_USA-8.jpg,document_1503
Falco_peregrinus_m_Humber_Bay_Park_Toronto.jpg,document_1504
Taita_Falcon_at_the_World_Center_for_Birds_of_Prey%2C_Boise%2C_Idaho%2C_USA.jpg,document_1505
Ferret_2008.png,document_1506
Ferret_skull._Mustela_putorius_furo.jpg,document_1507
Mustela_putorius_furo_profile.JPG,document_1508
Buffy_teeth.jpg,document_1509
Jake_0314.jpg,document_1510
Women_hunting_rabbits_with_a_ferret.jpg,document_1511
Ratting_ferret_2.png,document_1512
Vinnie_the_Ferret_in_a_War_Dance_Jump.jpg,document_1513
XenoFerret.jpg,document_1514
Coco_4056.JPG,document_1515
Eagles_together.jpg,document_1516
Booted_eagle_in_flight.jpg,document_1517
Martial_Eagle_in_Namibia.jpg,document_1518
Pithecophaga_jefferyi.jpg,document_1519
WedgetailEagleCarrion.jpg,document_1520
%D7%A2%D7%99%D7%98_%D7%A0%D7%99%D7%A6%D7%99.jpg,document_1521
Eagle_Lahore_Zoo_June302005.jpg,document_1522
CircaetusGallicus.jpg,document_1523
Lin_Liang-Eagles.jpg,document_1524
Fountain_top.JPG,document_1525
Desfile_Portela_2014_%28906185%29.jpg,document_1526
Garuda_by_Hyougushi_in_Delhi.jpg,document_1527
Question_book-new.svg,document_1528
Austria_Bundesadler.svg,document_1529
Kotka.vaakuna.svg,document_1530
Greater_coat_of_arms_of_the_United_States.svg,document_1531
Flamingos_Laguna_Colorada.jpg,document_1532
Flamingo_range.png,document_1533
Little_Grebe_%28Tachybaptus_ruficollis%29-_Breeding_plumage_W2_IMG_8770.jpg,document_1534
Flamant_rose_Salines_de_Thyna.jpg,document_1535
Lesser_Flamingo_RWD.jpg,document_1536
Westfalenpark-100821-17767-Flamingo.jpg,document_1537
James_Flamingo.jpg,document_1538
Two_andeanflamingo_june2003_arp.jpg,document_1539
Greater_flamingo_galapagos.JPG,document_1540
Phoenicopterus_croizeti.JPG,document_1541
American_flamingos_in_Denver.jpg,document_1542
Flamingos_in_flight.jpg,document_1543
Flamingo_and_offspring.jpg,document_1544
Chilean_Flamingo_Feeding.jpg,document_1545
Large_number_of_flamingos_at_Lake_Nakuru.jpg,document_1546
Pink_flamingo_prepared_for_cooking.jpg,document_1547
FlamingoMocheLMC.jpg,document_1548
Symbol_portal_class.svg,document_1549
Jasper.Wapiti-Hirsch.P1033401.jpg,document_1550
Cow_and_calf_elk_%287437504452%29.jpg,document_1551
Wapiti.png,document_1552
OPAL_TERRACE_with_elks.jpg,document_1553
Elk-Wapiti_-_Banff.jpg,document_1554
Sparing_Elks.jpg,document_1555
Audubon-eastern-elk.jpg,document_1556
The_deer_of_all_lands_%281898%29_Altai_wapiti.png,document_1557
The_deer_of_all_lands_%281898%29_Bedford%27s_deer.png,document_1558
The_deer_of_all_lands_%281898%29_Hangul.png,document_1559
RooseveltElk_5061t.JPG,document_1560
Elks_in_yellowstone_national_park.jpg,document_1561
Boys_Will_Be_Boys_%288595525930%29.jpg,document_1562
Cervus_canadensis_49zz.jpg,document_1563
Wapiti_%2801%29_2006-09-19.JPG,document_1564
Wapiti_on_the_National_Elk_Refuge.jpg,document_1565
Elk_pellets.jpg,document_1566
Wolves_and_elk.jpg,document_1567
ElkShedding.jpg,document_1568
Bull_elk_bugling_during_the_fall_mating_season.jpg,document_1569
Wapiti.Nebraska.JPG,document_1570
William_S._Soule_-_Eonah-pah_and_Wife.jpg,document_1571
Elkpatties.JPG,document_1572
Okapi2.jpg,document_1573
BgforhuntingCrop.JPG,document_1574
Kangaroo_Australia_01_11_2008_-_retouch.JPG,document_1575
RedRoo.JPG,document_1576
Kangur.rudy.drs.jpg,document_1577
Sthenurus.jpg,document_1578
The_Kongouro_from_New_Holland_%28Kangaroo%29_NMM_ZBA5754_%28cropped%29.jpg,document_1579
Kangaroo-in-flight.jpg,document_1580
Kangaroos_Maranoa.JPG,document_1581
Group_of_Macropus_fuliginosus_Darling_Range_05010.JPG,document_1582
Fighting_red_kangaroos_1.jpg,document_1583
Baby_kangaroo.JPG,document_1584
Kaenguru_Hinterfuss-drawing.jpg,document_1585
Joey_in_pouch.jpg,document_1586
Ridpath%27s_Universal_history_-_an_account_of_the_origin%2C_primitive_condition_and_ethnic_development_of_the_great_races_of_mankind%2C_and_of_the_principal_events_in_the_evolution_and_progress_of_the_%2814583958439%29.jpg,document_1587
StateLibQld_1_100472.jpg,document_1588
Kangaroo_Sign_at_Stuart_Highway.jpg,document_1589
Coat_of_Arms_of_Australia.svg,document_1590
Kangaroo_Meat.jpg,document_1591
Standing_jaguar.jpg,document_1592
Panthera_onca_distribution.svg,document_1593
Panthera_onca_augusta.JPG,document_1594
Jaguarskull.jpg,document_1595
Cheetah%2C_leopard_%26_jaguar_%28en%29.jpg,document_1596
Black_Jaguar_%28Panthera_onca%29.JPG,document_1597
Jaguar_%28Panthera_onca_palustris%29_female_Piquiri_River.JPG,document_1598
Jaguar_%28Panthera_onca%29_male_back_in_the_water_%2829173428825%29.jpg,document_1599
South_American_jungle_photograph.jpg,document_1600
Jaguar_%28Panthera_onca_palustris%29_male_Three_Brothers_River_2.jpg,document_1601
Panthera_onca_at_the_Toronto_Zoo_2.jpg,document_1602
Jagvstapir.jpg,document_1603
Jaguars_%28Panthera_onca%29_after_fight_...%28Female_left%29_%2829070165892%29.jpg,document_1604
Jaguarpickingupcub08.jpg,document_1605
Colonel_Roosevelt%27s_first_South_American_jaguar.jpg,document_1606
El-jefe-jaguar-fws1.jpg,document_1607
Obscured_jaguar.jpg,document_1608
Jaguar_warrior.jpg,document_1609
d4,document_1610
Cat03.jpg,document_1611
Okapi2.jpg,document_1612
Wapiti_from_Wagon_Trails.jpg,document_1613
Issoria_lathonia.jpg,document_1614
North_America_%28orthographic_projection%29.svg,document_1615
Age_of_Consent_-_Central_America.svg,document_1616
South_America_%28orthographic_projection%29.svg,document_1617
M%C3%A1scara_de_Xiuhtecuhtli_Cultura_Azteza-Mixteca_Ars_Summum.JPG,document_1618
Anoures.jpg,document_1619
Distribution.anura.1.png,document_1620
Variegated_golden_frog_%28Mantella_baroni%29_Ranomafana.jpg,document_1621
Bombina_bombina_1_%28Marek_Szczepanek%29_tight_crop.jpg,document_1622
Atelopus_zeteki1.jpg,document_1623
Fossilised_frog.jpg,document_1624
Frog_limbs.jpg,document_1625
Rana_temporaria_04_by-dpc.jpg,document_1626
Litoria_tyleri.jpg,document_1627
Ranapipiensmoulting.jpg,document_1628
WoodFrog_DarienLakesStatePark_2020-06-16_%2802%29.jpg,document_1629
Hip-pocket_Frog_-_Assa_darlingtoni.jpg,document_1630
Frog_anatomy_tags.PNG,document_1631
Groene_kikker_achter_Bekaert-draad-detail_oog.jpg,document_1632
Dendropsophus_microcephalus_-_calling_male_%28Cope%2C_1886%29.jpg,document_1633
Colostethus_flotator_jumping.jpg,document_1634
Phrynosequence_bodyFoR2.gif,document_1635
Frog_%C5%BE%C3%A1ba.gif,document_1636
Nasikabatrachus_sahyadrensis.jpg,document_1637
Phyllomedusa_burmeisteri01.jpg,document_1638
Glass_frogs.jpg,document_1639
Greenfrog_life_stages.svg,document_1640
Bufo_bufo_couple_during_migration%282005%29.jpg,document_1641
Frogspawn_closeup.jpg,document_1642
Frog_spawn_time-lapse.gif,document_1643
RanaTemporariaLarva2.jpg,document_1644
Rana_Temporaria_-_Larva_Final_Stage.jpg,document_1645
Juvenile_Frog_with_tail_top_view_%281%29.JPG,document_1646
TrophicWeb.jpg,document_1647
AlytesObstetricansMaleWithEggs.jpg,document_1648
Assa_darlingtoni.jpg,document_1649
R._imitator_Chazuta.jpg,document_1650
Dendrobates_pumilio.jpg,document_1651
Bufo_bufo-defensive_reaction1.JPG,document_1652
Wood_Frog_%28Rana_sylvatica%29_%2825234151669%29.jpg,document_1653
Bufo_periglenes2.jpg,document_1654
Deformed_Frog.gif,document_1655
2012_Froschschenkel_anagoria.JPG,document_1656
Schrecklicherpfeilgiftfrosch-01.jpg,document_1657
Toadlarcomuseum.jpg,document_1658
Frog_%282546%29_-_The_Noun_Project.svg,document_1659
White-Lipped-small.jpg,document_1660
Lemuroidea.jpg,document_1661
Lemuroidea_range_map.svg,document_1662
Babakotia_radofilai.jpg,document_1663
Lepilemur_sahamalazensis_c.png,document_1664
Varecia_variegata_foot_with_toilet-claw.jpg,document_1665
Lemur_catta_toothcomb.jpg,document_1666
Eulemur_mongoz_%28male_-_face%29.jpg,document_1667
Aye-aye_%28Daubentonia_madagascariensis%29_4.jpg,document_1668
Microcebus_murinus_-Artis_Zoo%2C_Amsterdam%2C_Netherlands-8c.jpg,document_1669
Prolemur_simus_Cedric_Girard-Buttoz.jpg,document_1670
CHEIROGALEUS-1.JPG,document_1671
Lemur_catta_002.jpg,document_1672
Propithecus_verreauxi_i.jpg,document_1673
Eulemur_rubriventer_001.jpg,document_1674
Avahi_laniger_002.jpg,document_1675
Cryptoprocta_Ferox.JPG,document_1676
Polyboroides_radiatus.jpg,document_1677
Berenty_001.jpg,document_1678
Madagascar_spiny_forest_destruction_001.jpg,document_1679
Charcoal_and_firewood_sale_001.jpg,document_1680
Illegal_export_of_rosewood_002.jpg,document_1681
Rice_paddies_in_Madagascar_001.jpg,document_1682
Indri_indri_001.jpg,document_1683
Darwinius_NT.jpg,document_1684
Archaeoindris_fontoynonti.jpg,document_1685
Crazy_eyes_the_porcupine.jpg,document_1686
Wiki_letter_w_cropped.svg,document_1687
%D0%AF%D0%BB%D1%82%D0%B8%D0%BD%D1%81%D0%BA%D0%B8%D0%B9_%D0%B7%D0%BE%D0%BE%D0%BF%D0%B0%D1%80%D0%BA_079.jpg,document_1688
Stekelvarken_Aiguilles_Porc-%C3%A9pic.jpg,document_1689
MAPElNorte041.JPG,document_1690
Tree_Climbing_Porcupines.jpg,document_1691
Marco_Polo_BNF_manuscrit_2810_Porc-%C3%A9picHystricidae.jpg,document_1692
MainePorcupine.JPG,document_1693
Portrait_of_owls.jpg,document_1694
Owl_range.png,document_1695
Athene_cuniculariaa.jpg,document_1696
Cross-eyed_owl.jpg,document_1697
Great_Horned_Owl_in_a_Rain_Storm_in_the_Mojave.jpg,document_1698
Great_Horned_Owl_at_twilight%2C_Mojave_Desert.jpg,document_1699
Harfang_en_vol_1.jpg,document_1700
Feathers_owl_vs_hawk.png,document_1701
EulenfederTeil3.jpg,document_1702
SpottedEagleOwl2539MGEyeLid.jpg,document_1703
Owl_sleeping_in_tree.jpg,document_1704
Vintage_Vulture_Drawing_white_background.jpg,document_1705
Golden_Eagle_Illustration_white_background.jpg,document_1706
Cuvier-12-Hibou_%C3%A0_huppe_courte.jpg,document_1707
Harpactes_fasciatus_1838_white_background.jpg,document_1708
Cuvier-46-Martin-p%C3%AAcheur_d%27Europe.jpg,document_1709
Cariama_cristata_1838_white_background.jpg,document_1710
NewZealandFalconBuller_white_background.jpg,document_1711
Pyrrhura_lucianii_-_Castelnau_2.jpg,document_1712
Cuvier-33-Moineau_domestique.jpg,document_1713
Palaeoglaux_artophoron.JPG,document_1714
Waldohreule_%28Asio_otus%29_Pfahlhaltung.jpg,document_1715
Keulemans_Laughing_Owl.jpg,document_1716
Aryballos_owl_Louvre_CA1737.jpg,document_1717
It%C3%A1lica_Owl.jpg,document_1718
Hispano-Moresque_-_Plate_-_Walters_481099.jpg,document_1719
Albrecht_D%C3%BCrer_-_The_Little_Owl_-_WGA7367.jpg,document_1720
Natungram_Dolls%2C_West_Bengal.jpg,document_1721
Lakshmi_02349.JPG,document_1722
Owlery_at_Morton_on_the_Hill_-_geograph.org.uk_-_532355.jpg,document_1723
Bubo_scandiacus_%28Linnaeus%2C_1758%29_Male.jpg,document_1724
Symbol_portal_class.svg,document_1725
Parrot_range.png,document_1726
UCMP_143274.png,document_1727
Parrot_Green_River.jpg,document_1728
Rose-ringed_Parakeet_%28Male%29_I_IMG_9141.jpg,document_1729
Cacatua_galerita_-perching_on_branch_-crest-8a-2c.jpg,document_1730
Kaka_%28Nestor_meridionalis%29-_Wellington_-NZ-8-2c.jpg,document_1731
ParrotSkelLyd.jpg,document_1732
Blue_and_Gold_Macaw_skeleton.jpg,document_1733
Glossy_black_cockatoo_male_kobble08.JPG,document_1734
Eclectus_roratus-20030511.jpg,document_1735
Cacha%C3%B1a.jpg,document_1736
Keas_perch_on_snowy_mountain.jpg,document_1737
Macaw_parrot_sitting_on_a_tree_branch.jpg_.jpg,document_1738
Rose_Ringed_Parrot.jpg,document_1739
Parrot_clay_lick.jpg,document_1740
Rose-ringed_Parakeet_%28Psittacula_krameri%29%2C_Parc_de_Woluwe%2C_Brussels%2C_Belgium.jpg,document_1741
Sunconurepuzzle.jpg,document_1742
Pet_parrots_in_Cuba.jpg,document_1743
Ara_macao_-on_a_small_bicycle-8.jpg,document_1744
PANTANAL-MT_001.JPG,document_1745
ParrotLMCMOCHE.jpg,document_1746
Parrots_of_telegraph_hill.jpg,document_1747
John-Gould-001.jpg,document_1748
Karolinasittich_01.jpg,document_1749
Commons-logo.svg,document_1750
Symbol_portal_class.svg,document_1751
Falconry_Book_of_Frederick_II_1240s_detail_falconers.jpg,document_1752
Pig_farm_Vampula_9.jpg,document_1753
Domestic_pig_skull.jpeg,document_1754
Su%C3%ADno_alta.jpg,document_1755
Pig_hand_skeleton.jpg,document_1756
%E4%B8%89%E6%98%9F%E5%A0%86-%E9%99%B6%E7%8C%AA_Sanxingdui_Pottery_Swine.jpg,document_1757
CapitalMuseum11.jpg,document_1758
Piglets_IMG_5523.jpg,document_1759
Yorkshire_pigs_at_animal_sanctuary.jpg,document_1760
03,document_1761
Pig%2C_Kilcullen.jpg,document_1762
Two_domestic_piglets_suckling.jpg,document_1763
PigCochon_allaitant.jpg,document_1764
NMA.0063325_Interi%C3%B6r_fr%C3%A5n_svinhus%2C_Bj%C3%A4rka-S%C3%A4by%2C_%C3%96sterg%C3%B6tland.jpg,document_1765
Pig_farm_Vampula_10.jpg,document_1766
Show_Pig_%2818097041013%29.jpg,document_1767
Mini_pig_2.jpg,document_1768
Vietnamese_Pot_Bellied_Pig.jpg,document_1769
Sow_with_piglet.jpg,document_1770
Oryctolagus_cuniculus_Rcdo.jpg,document_1771
BRACHYLAGUS_IDAHOENSIS.jpg,document_1772
Sumatran_Striped_Rabbit_Recontruction.jpg,document_1773
Oryctolagus_cuniculus_Tasmania_2.jpg,document_1774
Amami_rabbit_Stuffed_specimen.jpg,document_1775
Taxidermied_romerolagus_diazi.JPG,document_1776
Southern_swamp_rabbit_baby.jpg,document_1777
What%27s_Up_Doc.jpg,document_1778
Sylvilagus_bachmani_01035t.JPG,document_1779
Sylvilagus_brasiliensis_meridensis_%28Sylvilagus_meridensis%29_-_Museo_Civico_di_Storia_Naturale_Giacomo_Doria_-_Genoa%2C_Italy_-_DSC02875.JPG,document_1780
Eastern_Cottontail.JPG,document_1781
Meyer_Zeit-Vertreib_2_Tafel_032.jpg,document_1782
Meyer_Zeit-Vertreib_1_Tafel_083.jpg,document_1783
Set_of_wax_models_showing_development_of_the_rabbit_heart%2C_twentieth_century_%2824226156252%29.jpg,document_1784
Cmglee_Horniman_rabbit_skin_skeleton.jpg,document_1785
Wild_black_Oryctologus_cuniculus.jpg,document_1786
Rabbit_hind_limb_skeleton.jpg,document_1787
Lateral_view_of_rabbit_hind_limb.jpg,document_1788
Holland_Lop_Ears_UpDown.png,document_1789
Anatomy_and_physiology_of_animals_The_ear.jpg,document_1790
Jack_Rabbit_%2814398629508%29.jpg,document_1791
Dissected_Rabbit_Lungs.jpg,document_1792
Monopodial_branching_in_Rabbit_Lungs.jpg,document_1793
Male_rabbit_genitalia.pdf,document_1794
Male_rabbit_reproduction_system.png,document_1795
Female_repro_system_labelled.JPG,document_1796
Rabbit_1hr_old_gnangarra.jpg,document_1797
Rabbit_fence_Cobar_October_1905.jpg,document_1798
Taddeo_Crivelli_%28Italian%2C_died_about_1479%2C_active_about_1451_-_1479%29_-_Saint_Jerome_in_the_Desert_-_Google_Art_Project.jpg,document_1799
Kitchen_-_Hotel_Dieu%2C_Beaune.jpg,document_1800
Question_book-new.svg,document_1801
Syrischer_Maler_von_1354_001.jpg,document_1802
Blason_ville_fr_Corbenay_%28Haute-Sa%C3%B4ne%29.svg,document_1803
United_States_Eighth_Air_Force_in_Britain%2C_1942-1945_FRE39.jpg,document_1804
PeterRabbit8.jpg,document_1805
Lapin01_flipped_and_colorized.svg,document_1806
FoodMeat.jpg,document_1807
Plateau_van_zeevruchten.jpg,document_1808
Foodlogo2.svg,document_1809
BgforhuntingCrop.JPG,document_1810
